District Names,State/UT,Population below age 15 years (%),"Sex ratio at birth for children born in the last five years (females per 1,000 males)",Female population age 6 years and above who ever attended school (%),Women age 20-24 years married before age 18 years (%),Current Use of Family Planning Methods (Currently Married Women Age 15-49  years) - Any modern method6 (%),Mothers who had at least 4 antenatal care visits  (for last birth in the 5 years before the survey) (%),Institutional births (in the 5 years before the survey) (%),Children age 12-23 months fully vaccinated based on information from either vaccination card or mother's recall11 (%),Children under 5 years who are stunted (height-for-age)18 (%),Women (age 15-49 years) whose Body Mass Index (BMI) is below normal (BMI <18.5 kg/m2)21 (%),All women age 15-49 years who are anaemic22 (%),Population living in households that use an improved sanitation facility2 (%),Households using clean fuel for cooking3 (%),Men age 15 years and above who use any kind of tobacco (%),Households with any usual member covered under a health insurance/financing scheme (%),Average out-of-pocket expenditure per delivery in a public health facility (for last birth in the 5 years before the survey) (Rs.)
Nicobars,Andaman & Nicobar Islands,23.0,927.0,78.0,11.4,57.2,71.7,97.8,64.2,21.6,8.2,38.3,83.5,56.9,73.77500000000002,6.525,2278.0
North & Middle Andaman ,Andaman & Nicobar Islands,19.8,844.0,82.7,15.4,73.1,79.2,97.7,78.0,27.0,8.6,62.1,86.4,61.3,70.5,6.525,1904.0
South Andaman ,Andaman & Nicobar Islands,21.0,935.0,84.7,17.1,50.5,85.9,99.5,76.3,21.1,10.0,57.7,89.3,91.9,50.8,6.525,3460.0
Srikakulam ,Andhra Pradesh,20.7,1163.0,60.0,25.4,72.2,78.4,97.9,82.8,19.7,13.8,62.6,71.6,74.7,21.3,75.6,3479.0
Vizianagaram ,Andhra Pradesh,20.6,898.0,56.0,33.7,71.2,71.4,99.0,76.8,36.4,16.9,64.0,61.7,60.3,21.5,76.7,1931.0
Visakhapatnam ,Andhra Pradesh,21.4,974.0,66.8,25.4,67.7,58.6,95.3,76.5,31.0,17.4,58.0,77.8,72.9,22.8,64.9,2200.0
East Godavari ,Andhra Pradesh,20.5,882.0,75.4,26.0,66.3,51.0,96.6,59.0,23.1,10.2,63.0,77.7,80.3,25.5,66.4,8159.0
West Godavari ,Andhra Pradesh,21.5,833.0,75.4,22.1,77.2,62.7,98.7,80.0,31.4,10.1,63.0,80.8,86.8,21.8,67.6,2318.0
Krishna ,Andhra Pradesh,20.4,1139.0,74.0,25.3,78.1,73.3,98.9,90.0,29.8,10.5,60.3,79.1,89.8,21.3,68.1,3715.0
Guntur ,Andhra Pradesh,22.4,941.0,64.9,35.4,73.2,62.5,98.6,76.2,23.8,9.6,59.5,83.4,91.7,25.4,71.1,3912.0
Prakasam ,Andhra Pradesh,23.1,837.0,58.1,37.3,68.7,73.4,97.4,51.9,22.6,14.4,60.4,78.4,90.8,28.2,67.6,2830.0
Sri Potti Sriramulu Nello ,Andhra Pradesh,20.8,1011.0,67.9,23.8,71.7,73.0,97.0,65.3,29.2,15.2,59.4,81.8,84.6,26.5,72.3,1104.0
Y.S.R. ,Andhra Pradesh,24.1,779.0,61.9,25.6,68.4,82.8,99.4,83.0,34.4,15.9,56.1,85.4,94.3,18.0,73.3,3389.0
Kurnool ,Andhra Pradesh,25.9,918.0,55.2,36.9,70.0,74.3,88.5,67.0,50.5,20.6,58.6,73.5,78.1,19.9,73.3,2094.0
Anantapur ,Andhra Pradesh,24.3,881.0,59.5,37.3,67.6,66.6,94.7,81.8,36.0,21.9,50.5,71.3,86.4,20.5,73.2,2682.0
Chittoor ,Andhra Pradesh,22.6,1019.0,65.6,28.1,68.9,65.3,97.1,66.6,27.1,20.1,51.8,74.6,86.6,18.7,70.7,2533.0
Tawang ,Arunachal Pradesh,27.3,834.0,59.3,11.9,56.3,37.6,84.2,67.5,30.4,2.705,59.1,81.7,88.1,24.0,33.5,5345.0
West Kameng ,Arunachal Pradesh,21.7,766.0,73.0,12.5,47.8,27.6,93.6,56.2,24.2,2.705,37.4,88.9,88.9,38.7,38.3,7645.0
East Kameng ,Arunachal Pradesh,31.2,995.0,63.1,26.5,57.4,29.1,76.0,60.8,35.7,4.8,26.2,75.6,49.5,48.2,25.1,8612.0
Papum Pare ,Arunachal Pradesh,30.5,1065.0,77.6,25.4,41.0,39.3,88.0,60.7,29.7,5.3,38.4,75.7,81.3,43.7,26.9,13105.050000000036
Upper Subansiri ,Arunachal Pradesh,27.3,1135.0,61.4,26.7,48.4,32.1,77.0,68.5,36.8,2.8,36.7,80.9,32.8,55.3,21.5,10087.0
Upper Siang ,Arunachal Pradesh,25.8,983.0,69.5,17.1,54.0,34.0,76.0,61.4,30.4,2.705,29.2,91.8,36.3,59.2,34.6,12365.0
Changlang ,Arunachal Pradesh,28.7,1019.0,74.6,16.8,46.3,46.9,75.1,70.9,26.3,10.5,57.2,82.3,34.1,59.9,40.5,6643.0
Lower Subansiri ,Arunachal Pradesh,22.0,1323.5500000000013,73.1,16.0,58.0,39.1,89.8,66.5,30.7,4.3,40.5,82.8,60.8,46.7,24.5,10266.0
Dibang Valley ,Arunachal Pradesh,22.1,1054.0,67.6,20.7,49.7,40.4,85.5,90.7,16.9,3.8,62.9,95.0,49.3,55.4,28.7,7050.0
Lower Dibang Valley ,Arunachal Pradesh,24.5,884.0,76.8,13.8,56.4,48.6,90.1,73.8,15.6,4.1,34.6,89.9,57.4,52.1,36.8,6112.0
Anjaw ,Arunachal Pradesh,23.2,957.0,61.5,21.8,50.9,32.3,78.0,93.0,23.6,2.705,35.9,86.8,29.0,66.1,17.5,6515.0
East Siang ,Arunachal Pradesh,23.1,1162.0,76.8,14.9,35.9,34.3,90.8,48.8,24.6,6.8,35.2,83.9,52.4,51.3,30.5,12217.0
Kra Daadi ,Arunachal Pradesh,33.5,867.0,58.1,24.8,39.9,18.3,73.5,63.6,28.8,2.705,25.705,89.3,78.3,25.0,24.0,13105.050000000036
Kurung Kumey ,Arunachal Pradesh,31.0,869.0,72.6,19.8,47.9,44.1,69.2,71.4,29.2,2.705,34.8,78.3,57.3,39.4,13.4,9838.0
Lohit ,Arunachal Pradesh,27.7,839.0,73.3,20.0,43.5,39.6,90.2,74.0,24.5,8.0,47.2,83.7,63.9,53.0,31.9,8236.0
Longding ,Arunachal Pradesh,29.9,961.0,63.2,7.9,49.0,39.6,64.5,52.7,15.8,4.0,34.1,83.5,22.4,56.1,23.8,3778.0
Namsai ,Arunachal Pradesh,30.3,867.0,72.1,26.7,48.1,35.4,63.6,67.2,28.7,12.8,58.6,75.1,28.7,68.8,30.9,4184.0
Siang ,Arunachal Pradesh,21.8,1011.0,78.6,10.0,61.0,31.1,81.1,60.3,21.3,6.5,25.705,91.2,27.6,55.5,26.1,8478.0
Tirap ,Arunachal Pradesh,26.8,865.0,69.0,12.0,39.4,35.7,70.2,66.3,38.6,5.5,32.0,86.7,50.4,44.8,30.8,12104.0
West Siang ,Arunachal Pradesh,23.7,1060.0,73.6,18.9,38.9,30.4,84.6,55.4,24.5,4.4,30.5,87.7,57.1,44.3,26.6,13105.050000000036
Kokrajhar ,Assam,29.5,1003.0,75.2,36.2,58.0,36.9,81.9,51.1,34.6,10.6,59.5,72.2,43.3,55.5,50.2,3780.0
Goalpara ,Assam,30.0,1027.0,78.5,41.8,55.1,44.1,92.3,70.3,38.9,12.2,64.9,75.3,36.3,52.0,71.1,4407.0
Barpeta ,Assam,30.1,1007.0,75.4,40.1,47.4,43.6,87.6,54.6,29.8,14.6,64.8,63.7,38.7,46.4,58.9,4829.0
Morigaon ,Assam,32.1,1070.0,79.1,39.1,56.7,42.0,88.3,73.4,43.2,15.0,64.2,62.3,37.6,56.9,62.5,4379.0
Lakhimpur ,Assam,28.1,985.0,83.2,36.3,43.6,51.7,96.2,69.0,38.5,17.3,65.4,74.2,36.1,55.8,67.0,5098.0
Dhemaji ,Assam,30.6,1022.0,77.3,32.0,45.0,62.2,87.3,89.7,37.2,12.1,62.9,70.8,21.6,62.7,66.8,5168.0
Tinsukia ,Assam,25.4,884.0,72.6,19.8,36.5,63.1,82.6,75.0,32.8,17.6,72.8,66.7,40.9,51.1,60.0,5163.0
Dibrugarh ,Assam,24.0,979.0,79.5,23.0,43.6,75.6,93.1,83.8,27.3,20.3,70.8,75.3,44.7,57.7,58.8,5125.0
Golaghat ,Assam,24.3,1145.0,77.6,20.7,35.7,65.7,90.4,72.4,26.3,25.1,77.2,73.1,33.1,52.0,69.3,5186.0
Dima Hasao ,Assam,27.7,908.0,85.1,16.5,44.9,46.9,89.5,63.6,30.6,10.0,60.5,83.8,48.2,55.2,61.9,4825.0
Cachar ,Assam,30.9,991.0,80.5,29.9,38.2,32.7,79.2,70.4,28.7,19.7,57.4,57.6,43.0,51.0,57.9,3799.0
Karimganj ,Assam,32.3,885.0,82.1,27.7,54.9,42.8,76.4,75.1,29.1,17.8,52.0,61.5,39.6,54.2,64.4,4287.0
Hailakandi ,Assam,33.7,951.0,81.5,32.9,49.5,43.1,83.0,68.6,42.9,25.7,61.4,60.0,35.2,58.3,53.6,5090.0
Bongaigaon ,Assam,28.9,881.0,77.0,41.7,45.3,33.9,84.5,67.9,46.2,13.1,70.6,72.5,49.8,45.7,57.6,4778.0
Chirang ,Assam,28.0,906.0,71.5,30.9,55.6,56.5,83.7,71.1,42.7,17.2,65.2,77.1,44.5,55.1,61.5,5052.0
Kamrup ,Assam,25.6,701.0,79.4,21.9,32.3,46.9,85.0,63.6,22.6,12.9,71.5,68.7,57.4,44.7,47.0,8654.0
Kamrup Metropolitan ,Assam,20.0,986.0,87.5,21.9,41.5,68.9,89.1,53.6,25.4,12.6,74.6,65.2,85.1,39.9,45.5,8275.0
Nalbari ,Assam,24.5,994.0,81.8,28.1,38.7,55.9,91.8,65.5,27.5,16.4,66.4,68.1,51.1,42.0,52.5,6478.0
Baksa ,Assam,26.5,1097.0,74.1,24.9,47.3,56.0,89.9,70.5,41.2,15.1,73.6,68.9,35.2,57.6,69.0,7312.0
Darrang ,Assam,29.2,757.0,75.2,42.8,36.5,37.5,84.4,57.1,42.0,17.4,70.4,67.9,30.1,43.0,53.7,7001.0
Udalguri ,Assam,27.2,1255.0,70.6,32.0,36.2,49.8,86.2,47.52,33.8,16.1,79.7,73.8,34.0,50.8,70.6,6731.0
Biswanath ,Assam,28.7,1014.0,72.1,25.3,56.1,46.5,84.3,66.2,42.7,22.0,64.4,76.6,35.0,61.6,68.4,3676.0
Charaideo ,Assam,25.8,1040.0,75.0,22.6,43.9,64.5,88.2,74.0,39.0,24.7,72.3,75.9,27.3,57.9,64.9,4858.0
Dhubri ,Assam,32.3,914.0,71.8,50.8,53.2,37.6,64.2,71.6,48.5,22.2,63.2,61.8,40.7,55.0,59.4,4691.0
Hojai ,Assam,27.5,1017.0,79.1,30.9,48.2,51.3,82.1,55.5,39.3,19.3,56.3,63.1,52.0,53.7,67.4,5299.0
Jorhat ,Assam,21.6,833.0,84.4,24.9,32.3,67.0,96.5,69.2,38.7,22.5,71.8,80.4,48.3,47.1,60.1,8435.0
Karbi Anglong ,Assam,29.9,882.0,76.4,26.1,41.1,63.9,74.9,64.3,31.6,10.0,59.0,75.2,33.4,55.0,54.1,6822.0
Majuli ,Assam,26.2,754.0,78.4,25.5,31.3,72.2,90.3,78.6,35.4,18.0,67.8,65.6,19.3,54.7,60.8,6227.0
Nagaon ,Assam,31.1,969.0,81.3,42.6,46.8,59.4,83.7,58.2,38.9,21.5,61.0,66.1,38.6,49.0,59.4,5670.0
Sivasagar ,Assam,23.8,915.0,87.1,27.9,39.5,80.9,95.3,77.6,26.1,20.5,67.6,82.3,45.5,58.4,60.7,5466.0
Sonitpur ,Assam,26.6,1323.5500000000013,74.9,24.0,58.9,45.5,83.5,70.9,36.7,21.4,63.6,72.2,45.8,59.1,66.9,5123.0
South Salmara Mancachar ,Assam,36.7,911.0,69.4,44.7,60.8,35.3,71.7,65.8,38.9,11.9,57.1,59.0,28.5,50.0,68.2,3092.0
West Karbi Anglong ,Assam,31.7,1105.0,73.8,21.3,43.3,46.7,72.5,47.9,40.9,13.1,57.9,76.7,17.7,58.2,63.1,3597.0
Pashchim Champaran ,Bihar,36.5,904.0,59.8,39.1,40.2,25.4,79.5,62.1,43.5,24.6,50.6,43.3,31.4,48.1,20.0,1882.0
Purba Champaran ,Bihar,40.0,841.0,58.2,49.2,40.8,21.7,61.5,68.3,49.1,23.4,57.3,48.3,44.2,55.2,19.4,2811.0
Sheohar ,Bihar,36.2,1017.0,56.2,34.6,49.7,25.3,74.3,62.9,34.4,20.0,61.6,57.9,31.3,56.6,18.1,2090.0
Sitamarhi ,Bihar,38.2,1009.0,59.1,46.8,41.0,20.3,64.4,66.6,52.085000000000015,31.8,61.7,50.7,40.5,55.4,20.7,2538.0
Madhubani ,Bihar,34.7,805.0,55.6,39.2,39.5,34.9,73.7,74.1,43.3,25.1,61.4,38.2,40.0,53.9,19.2,2426.0
Supaul ,Bihar,39.8,884.0,50.9,51.9,56.2,30.9,80.4,73.6,42.3,30.9,60.7,50.7,15.0,53.0,14.2,1760.0
Araria ,Bihar,40.5,885.0,53.0,51.9,42.8,25.8,66.2,61.6,49.9,30.4,67.9,36.535,15.2,53.2,19.5,3606.0
Kishanganj ,Bihar,39.9,1016.0,56.0,36.6,21.0,17.1,54.6,67.3,38.8,29.1,65.1,52.4,15.3,50.4,8.1,4174.0
Purnia ,Bihar,40.2,938.0,53.6,51.2,24.3,14.54,68.9,62.7,43.5,31.4,66.0,36.535,19.3,47.3,10.2,4083.0
Katihar ,Bihar,39.0,888.0,57.5,49.4,26.4,15.3,66.9,73.7,43.9,26.4,68.4,44.6,16.9,49.2,8.4,2333.0
Madhepura ,Bihar,38.3,1058.0,58.0,51.9,47.6,20.9,75.0,72.0,46.3,32.0,65.7,36.535,13.44,53.2,9.5,982.0
Saharsa ,Bihar,38.8,1034.0,50.2,51.0,37.6,14.54,70.4,72.2,47.8,31.0,65.3,40.5,25.2,54.9,12.8,2273.0
Darbhanga ,Bihar,37.1,812.0,54.9,45.1,48.8,24.9,69.9,66.3,45.4,25.6,60.8,48.7,41.6,55.1,25.3,3230.0
Muzaffarpur ,Bihar,34.9,701.0,65.1,32.9,55.7,28.2,72.5,74.9,42.6,25.2,58.9,55.2,41.5,51.5,13.2,3663.0
Gopalganj ,Bihar,34.6,943.0,63.3,28.0,39.5,27.9,85.9,75.8,34.2,22.7,53.8,60.1,39.4,47.8,12.7,2559.0
Siwan ,Bihar,31.5,1060.0,70.7,21.3,42.4,30.3,86.4,76.1,36.7,18.1,53.1,47.7,48.0,44.1,8.2,4135.0
Saran ,Bihar,35.3,779.0,64.8,26.2,31.4,30.7,73.0,72.0,39.7,22.1,62.8,37.2,36.8,44.0,9.4,2903.0
Vaishali ,Bihar,34.7,1118.0,64.5,44.9,41.0,24.5,81.6,71.0,38.3,26.1,63.1,52.6,40.9,46.3,13.5,2571.0
Samastipur ,Bihar,37.8,890.0,60.9,49.8,53.8,23.5,83.4,71.4,44.0,26.7,60.5,48.8,36.1,51.7,19.0,2268.0
Begusarai ,Bihar,36.4,1058.0,65.0,49.5,46.2,21.6,86.0,65.8,37.8,26.0,62.9,62.2,45.2,49.6,13.2,1710.0
Khagaria ,Bihar,40.595000000000006,918.0,60.6,44.9,34.9,17.4,74.2,64.7,34.8,24.7,59.5,65.0,33.2,43.7,15.6,4327.0
Bhagalpur ,Bihar,35.1,879.0,65.1,42.4,46.8,27.6,77.2,66.8,40.0,22.9,73.0,60.9,49.2,47.3,16.3,2975.0
Banka ,Bihar,36.1,991.0,59.3,49.4,55.7,31.7,79.8,88.1,46.7,23.8,65.9,38.2,32.3,49.4,13.6,8076.0
Munger ,Bihar,31.3,966.0,69.5,34.7,49.0,36.8,93.2,73.4,35.5,23.7,71.4,62.8,59.4,40.9,15.2,2461.0
Lakhisarai ,Bihar,37.8,886.0,61.2,51.9,50.4,28.0,75.8,68.9,42.7,25.3,72.6,51.6,42.6,45.4,15.1,9523.0
Sheikhpura ,Bihar,37.5,888.0,58.5,46.1,50.3,28.4,89.2,82.8,52.085000000000015,24.1,69.5,54.2,40.3,45.0,9.7,1842.0
Nalanda ,Bihar,37.2,959.0,59.6,42.0,52.4,29.3,80.3,75.2,42.6,23.8,71.0,52.5,41.0,49.8,12.8,2628.0
Patna ,Bihar,32.7,1002.0,69.5,26.6,42.3,17.9,89.1,56.6,34.5,22.6,67.1,61.0,64.6,39.9,10.2,2863.0
Bhojpur ,Bihar,34.2,872.0,67.9,31.2,47.9,33.5,86.9,61.9,40.7,23.1,73.6,45.9,42.9,43.7,9.6,2214.0
Buxar ,Bihar,32.7,886.0,64.8,30.8,44.6,27.4,89.5,75.0,39.6,21.1,66.2,52.4,44.7,42.2,11.4,1686.0
Kaimur (Bhabua) ,Bihar,35.8,944.0,62.3,27.1,59.7,25.6,83.3,88.9,44.1,25.6,70.3,59.1,29.0,50.8,18.1,1671.0
Rohtas ,Bihar,32.7,924.0,70.5,30.3,55.7,34.2,89.1,86.8,40.0,22.9,64.9,69.0,47.4,40.6,17.2,1621.0
Aurangabad ,Bihar,35.2,886.0,65.0,27.3,53.5,29.3,77.5,89.7,41.2,25.8,60.5,47.1,38.9,46.7,15.4,1804.0
Gaya ,Bihar,36.3,863.0,59.6,42.8,52.5,25.1,76.6,85.0,47.4,26.8,64.3,44.4,34.7,51.9,9.7,1927.0
Nawada ,Bihar,33.4,865.0,61.4,43.3,45.1,31.6,79.9,74.5,49.4,28.4,70.4,47.9,40.7,47.9,8.1,2858.0
Jamui ,Bihar,37.0,986.0,53.1,51.9,47.7,37.9,73.4,66.4,43.0,31.0,75.2,37.6,40.2,53.6,14.3,5290.0
Jehanabad ,Bihar,36.0,1066.0,61.7,41.6,45.3,17.4,89.1,70.3,41.3,27.2,68.1,45.5,34.3,49.1,13.2,1512.0
Arwal ,Bihar,36.6,815.0,62.6,37.5,42.8,34.5,79.2,84.2,45.6,31.9,66.9,43.4,29.3,47.9,15.6,1933.0
Chandigarh,Chandigarh,23.3,838.0,86.7,9.7,55.6,78.7,96.9,80.9,25.3,13.0,60.3,85.0,95.8,12.1,32.2,5546.0
Koriya ,Chhattisgarh,26.9,864.0,69.7,22.9,49.4,70.0,80.8,87.1,32.1,25.1,64.4,73.3,30.2,44.4,62.8,1348.0
Jashpur ,Chhattisgarh,27.8,951.0,67.9,21.9,47.2,48.6,85.6,94.2,35.8,27.5,61.5,72.8,14.8,55.8,80.6,1635.0
Raigarh ,Chhattisgarh,24.1,812.0,72.2,11.5,56.0,55.4,87.7,90.9,39.1,26.9,62.2,66.3,29.8,43.6,66.3,2137.0
Korba ,Chhattisgarh,25.4,989.0,71.1,7.2,46.9,49.3,75.4,68.4,34.7,24.4,66.4,73.3,35.5,42.6,60.6,1943.0
Janjgir - Champa ,Chhattisgarh,25.3,795.0,67.7,10.2,66.3,62.8,86.2,85.5,32.5,21.5,66.3,78.8,24.8,40.4,74.0,2597.0
Kabeerdham ,Chhattisgarh,27.4,826.0,61.7,15.3,72.2,58.9,91.7,95.4,37.9,20.6,43.6,80.3,25.0,40.2,72.1,1340.0
Rajnandgaon ,Chhattisgarh,24.0,988.0,73.4,3.8,70.5,76.1,95.5,91.0,27.6,25.9,58.3,79.2,27.4,47.3,80.8,813.0
Mahasamund ,Chhattisgarh,24.0,1077.0,68.6,9.5,64.2,65.8,92.9,82.1,36.8,21.3,63.0,84.2,30.4,43.2,76.2,2077.0
Dhamtari ,Chhattisgarh,23.6,1120.0,77.3,5.8,78.29,70.4,94.3,80.6,30.5,18.4,59.6,89.8,30.9,38.0,86.8,1601.0
Uttar Bastar Kanker ,Chhattisgarh,21.8,1131.0,70.2,5.4,69.6,77.9,94.1,89.5,24.8,25.5,65.2,80.5,25.9,39.4,84.8,1509.0
Narayanpur ,Chhattisgarh,28.8,1102.0,54.0,11.1,52.8,59.1,74.2,81.7,43.7,28.1,72.0,52.8,19.5,51.3,83.1,797.0
Bijapur ,Chhattisgarh,30.5,1045.0,48.92,18.3,32.4,56.9,63.6,78.4,52.085000000000015,34.495000000000005,72.1,36.535,18.5,61.9,73.5,776.0
Balod ,Chhattisgarh,20.7,1068.0,76.4,3.3,78.29,81.5,97.4,85.2,33.6,18.8,56.4,83.8,33.3,36.1,79.5,1905.0
Baloda Bazar ,Chhattisgarh,27.2,1021.0,66.7,11.4,62.8,49.5,78.1,77.3,40.9,19.4,61.2,78.9,24.9,40.8,66.1,2491.0
Balrampur ,Chhattisgarh,29.2,887.0,62.1,24.6,46.8,52.1,78.9,76.1,35.1,28.7,63.4,57.3,13.44,53.2,62.3,966.0
Bastar ,Chhattisgarh,26.5,1042.0,58.0,17.3,47.7,55.1,63.5,57.3,48.1,34.495000000000005,77.2,61.0,31.6,55.8,69.3,3279.0
Bemetara ,Chhattisgarh,27.0,987.0,65.3,15.1,71.2,54.6,95.0,93.4,38.4,21.0,47.0,80.5,18.9,40.2,63.4,2515.0
Bilaspur ,Chhattisgarh,24.8,1070.0,71.0,11.2,50.3,46.9,79.4,52.5,25.7,27.2,58.5,80.5,42.2,40.0,60.4,2344.0
Dantewada ,Chhattisgarh,27.9,1296.0,51.0,16.3,54.4,68.2,90.5,77.6,45.6,25.9,76.0,60.5,34.6,55.7,82.2,710.0
Durg ,Chhattisgarh,22.9,812.0,79.4,4.3,76.4,69.9,96.7,82.7,38.9,12.5,51.7,89.5,76.3,36.6,67.0,2451.0
Gariyaband ,Chhattisgarh,26.5,1011.0,67.4,9.7,68.3,57.8,87.6,83.4,28.9,20.0,64.6,81.0,17.1,45.3,79.8,1570.0
Kodagaon ,Chhattisgarh,25.7,1111.0,57.5,11.8,60.5,64.1,78.7,70.1,37.6,31.3,79.7,79.5,13.44,48.3,80.6,2137.0
Mungeli ,Chhattisgarh,29.3,1017.0,63.6,20.5,60.3,67.3,69.8,79.7,30.1,20.9,54.5,80.7,22.9,37.6,68.0,685.0
Raipur ,Chhattisgarh,24.2,1000.0,77.1,8.8,72.1,65.6,90.7,74.2,32.2,14.4,59.1,84.0,60.5,37.5,76.9,1790.0
Sukma ,Chhattisgarh,29.6,925.0,48.92,18.9,51.4,74.0,81.2,73.3,41.8,34.495000000000005,78.4,36.535,14.4,61.7,78.1,581.1
Surajpur ,Chhattisgarh,28.5,916.0,64.8,34.3,50.1,48.9,85.9,78.7,27.6,29.5,60.7,75.4,24.0,50.4,75.7,1184.0
Surguja ,Chhattisgarh,27.5,1139.0,66.3,18.1,49.1,57.7,85.3,84.6,29.4,26.8,58.3,75.8,24.5,49.3,65.1,1455.0
Diu ,Dadra and Nagar Haveli & Daman and Diu,21.2,983.0,77.8,2.3,52.2,90.7,95.7,92.9,33.9,16.4,50.3,89.7,85.3,34.5,64.0,1310.0
Daman ,Dadra and Nagar Haveli & Daman and Diu,22.7,767.0,83.8,22.8,48.9,70.5,97.4,78.3,30.0,22.3,60.8,67.1,92.1,36.1,32.9,1200.0
Dadra & Nagar Haveli ,Dadra and Nagar Haveli & Daman and Diu,26.8,822.0,70.8,30.0,64.3,90.9,96.3,99.90500000000009,42.4,27.0,64.4,63.1,74.3,39.8,58.8,581.1
North Goa ,Goa,19.3,849.0,89.5,7.5,54.8,91.3,99.6,78.6,24.2,14.1,40.0,87.7,96.7,19.2,64.8,3824.0
South Goa ,Goa,18.9,819.0,88.2,3.9,67.8,95.68500000000002,100.0,78.0,28.3,13.5,37.6,88.2,96.2,16.9,67.7,3768.0
Kachchh ,Gujarat,26.6,994.0,66.6,19.0,62.5,84.2,97.4,70.2,37.5,28.1,57.5,85.8,67.2,38.7,34.3,1793.0
Banas Kantha ,Gujarat,29.2,967.0,61.1,37.3,37.5,56.1,92.9,47.52,39.0,34.495000000000005,60.0,53.9,45.6,37.3,41.0,1377.0
Patan ,Gujarat,25.1,976.0,64.8,35.4,52.9,79.8,98.6,81.0,50.5,29.3,59.8,73.1,62.6,38.9,50.2,783.0
Mahesana ,Gujarat,22.1,742.0,71.3,32.3,41.8,56.6,97.3,79.6,31.0,24.4,69.3,72.1,63.1,36.9,40.7,5103.0
Gandhinagar ,Gujarat,22.3,766.0,77.6,32.6,43.6,71.0,97.8,77.7,38.1,21.2,68.8,84.6,76.9,33.8,29.7,2445.0
Porbandar ,Gujarat,20.8,1045.0,74.9,10.0,68.5,92.1,100.0,82.9,18.2,15.8,47.6,85.7,76.9,59.7,42.1,685.0
Amreli ,Gujarat,22.7,977.0,69.9,10.5,51.9,92.6,90.1,60.1,35.3,18.3,50.0,73.3,65.6,53.7,47.7,1648.0
Anand ,Gujarat,22.2,726.0,75.2,28.0,49.2,64.2,96.0,77.0,38.4,32.0,66.4,82.1,65.1,35.8,36.2,2488.0
Dohad ,Gujarat,35.6,1013.0,59.6,29.9,55.6,70.9,92.5,66.2,52.085000000000015,34.495000000000005,75.1,36.535,26.8,55.9,40.3,1516.0
Narmada ,Gujarat,26.0,853.0,66.0,29.5,67.0,83.4,81.7,82.8,47.2,30.7,75.9,54.6,31.3,48.8,51.1,753.0
Bharuch ,Gujarat,23.7,1112.0,76.7,16.8,35.7,65.7,91.1,80.0,40.9,30.3,71.8,77.7,60.2,35.1,37.4,1724.0
The Dangs ,Gujarat,28.8,1143.0,69.9,30.2,69.1,90.2,74.5,91.3,37.6,33.7,77.2,71.7,23.4,44.8,44.3,663.0
Navsari ,Gujarat,19.6,1006.0,77.9,15.7,65.1,94.7,99.3,95.0,36.8,21.8,68.7,80.1,70.2,29.2,42.0,1188.0
Valsad ,Gujarat,25.2,1020.0,79.0,19.4,61.9,92.5,96.5,91.1,37.8,23.8,75.7,85.3,73.1,32.3,40.6,958.0
Surat ,Gujarat,23.1,890.0,82.7,13.1,65.6,93.4,97.7,92.8,36.1,21.0,69.0,82.0,88.6,32.5,31.6,2342.0
Tapi ,Gujarat,21.0,1185.0,66.1,25.3,74.4,91.0,92.9,97.5,41.7,34.495000000000005,77.4,70.2,45.5,35.6,42.3,846.0
Ahmadabad ,Gujarat,22.1,994.0,79.8,17.5,58.2,77.8,94.5,65.2,35.5,19.4,63.7,86.4,89.7,33.4,36.2,1279.0
Aravali ,Gujarat,25.5,965.0,68.6,27.0,56.3,73.8,92.2,77.0,47.1,34.4,77.3,56.3,47.9,45.8,43.9,3666.0
Bhavnagar ,Gujarat,24.1,1192.0,72.0,18.0,40.5,70.9,94.2,74.3,32.6,20.8,49.4,72.9,59.8,50.9,32.2,1933.0
Botad ,Gujarat,24.8,992.0,68.9,13.0,44.6,82.7,93.5,65.1,32.2,19.6,58.8,72.0,63.0,48.9,38.0,2027.0
Chhota Udaipur ,Gujarat,25.4,937.0,52.3,27.5,67.3,81.2,85.7,81.7,48.6,30.9,78.9,53.0,25.7,47.7,40.0,924.0
Devbhumi Dwarka ,Gujarat,24.2,955.0,59.0,11.6,41.1,76.6,94.8,73.3,30.2,22.4,48.8,73.4,61.2,60.6,33.5,1463.0
Gir Somnath ,Gujarat,23.4,921.0,65.8,9.9,51.1,80.7,87.1,69.9,44.4,24.8,49.9,74.3,46.8,60.7,46.6,1194.0
Jamnagar ,Gujarat,21.0,912.0,72.8,6.8,66.5,73.8,96.5,78.4,28.4,17.3,50.2,86.6,81.6,52.0,38.6,1150.0
Junagadh ,Gujarat,21.6,876.0,73.8,11.2,42.3,72.5,97.4,93.5,37.3,18.7,58.8,81.7,67.2,54.4,47.3,1272.0
Kheda ,Gujarat,23.7,868.0,74.0,49.2,28.7,61.2,95.2,69.0,37.3,32.2,76.1,63.3,48.0,45.8,32.2,2371.0
Mahisagar ,Gujarat,25.4,963.0,66.1,30.7,59.1,76.6,93.0,80.0,43.4,30.7,72.5,44.4,47.4,45.5,46.0,2087.0
Morbi ,Gujarat,22.6,858.0,70.5,8.9,58.7,75.1,94.8,64.2,32.9,21.2,50.7,80.1,73.6,54.7,34.4,1370.0
Panch Mahals ,Gujarat,26.3,879.0,70.1,34.1,52.6,88.7,88.4,95.4,47.1,33.1,69.8,58.9,43.6,42.2,34.0,2680.0
Rajkot ,Gujarat,22.0,1049.0,78.4,12.1,53.5,93.5,99.3,84.9,38.9,19.5,60.5,85.4,83.6,53.4,45.1,668.0
Sabar Kantha ,Gujarat,26.6,871.0,68.7,27.0,55.5,73.2,89.4,88.5,37.0,26.6,67.3,61.0,58.7,37.8,49.3,1828.0
Surendranagar ,Gujarat,23.7,992.0,66.0,19.5,65.7,57.5,85.6,62.5,39.2,24.1,55.6,63.8,56.9,47.5,50.4,1721.0
Vadodara ,Gujarat,21.0,1186.0,82.0,22.8,49.1,65.9,95.9,84.9,42.3,20.9,72.3,85.6,78.1,29.1,41.7,1597.0
Panchkula ,Haryana,23.1,854.0,81.2,7.4,59.0,76.9,97.0,85.1,21.8,14.1,57.1,82.6,81.1,19.5,19.9,4399.0
Ambala ,Haryana,21.6,764.0,82.2,6.4,57.6,57.4,97.8,79.3,24.1,14.8,46.1,87.2,81.6,22.0,19.0,2874.0
Yamunanagar ,Haryana,23.6,1103.0,79.1,6.9,58.0,66.4,94.8,82.9,27.7,14.0,56.6,83.5,77.7,25.3,20.6,1872.0
Kurukshetra ,Haryana,24.7,869.0,75.3,11.7,63.0,59.8,98.4,69.8,24.9,11.8,57.1,82.6,77.6,24.3,19.2,1662.0
Kaithal ,Haryana,24.4,804.0,66.3,11.0,61.0,68.8,98.2,74.3,29.9,16.5,61.5,89.7,55.9,22.6,29.1,1038.0
Karnal ,Haryana,26.4,821.0,79.2,6.6,67.1,84.7,99.0,88.9,29.2,14.9,61.9,83.5,74.1,26.6,24.6,1047.0
Panipat ,Haryana,26.0,938.0,78.3,11.9,55.4,49.2,97.1,80.6,25.1,13.7,66.9,79.3,73.0,27.3,26.5,1717.0
Sonipat ,Haryana,23.5,906.0,78.9,15.5,59.9,64.1,99.7,83.0,23.6,13.2,53.3,86.7,69.9,30.7,22.4,1533.0
Jind ,Haryana,25.8,850.0,71.4,8.7,65.2,49.6,98.7,77.5,25.5,18.9,59.6,88.5,42.1,35.3,23.7,1670.0
Fatehabad ,Haryana,24.1,901.0,67.3,11.7,62.9,60.1,97.9,90.7,24.6,19.8,62.3,87.3,43.7,23.5,29.4,1012.0
Sirsa ,Haryana,22.6,787.0,68.3,8.9,64.2,61.9,99.3,78.0,25.0,20.8,61.9,81.9,38.8,21.7,26.6,1705.0
Hisar ,Haryana,25.8,856.0,69.3,8.9,64.6,69.9,98.2,85.5,27.8,18.5,63.8,89.1,44.8,34.5,27.9,975.0
Rohtak ,Haryana,23.7,880.0,79.6,12.4,63.0,72.3,97.4,77.4,28.9,15.9,65.3,90.0,67.3,30.5,24.8,1957.0
Jhajjar ,Haryana,23.0,1282.0,77.3,7.7,62.0,60.1,97.2,90.9,15.6,10.1,60.1,91.7,55.9,34.1,27.0,3316.0
Mahendragarh ,Haryana,22.3,962.0,70.0,13.4,63.2,55.2,98.9,73.9,25.2,14.3,61.2,79.8,34.2,32.9,25.6,2497.0
Rewari ,Haryana,22.6,787.0,74.6,5.8,64.4,63.8,98.7,79.3,25.9,11.7,61.8,86.4,54.9,33.5,25.3,1464.0
Gurgaon ,Haryana,24.7,858.0,80.9,20.7,61.2,48.1,96.7,58.7,22.1,9.0,67.5,84.5,81.0,32.6,34.6,1389.0
Mewat ,Haryana,40.595000000000006,891.0,51.2,28.7,28.2,45.9,74.6,53.8,44.4,19.2,60.6,71.7,22.0,36.5,11.5,1031.0
Faridabad ,Haryana,25.0,955.0,80.5,15.3,58.2,51.2,92.5,69.5,28.9,10.0,54.2,84.2,89.3,23.0,32.8,1591.0
Palwal ,Haryana,31.3,884.0,67.0,23.8,54.2,53.4,78.3,69.0,31.0,15.8,57.2,80.3,34.6,30.9,23.5,1584.0
Bhiwani ,Haryana,24.8,899.0,70.2,15.0,67.2,60.4,97.7,72.5,29.0,19.5,66.4,89.7,36.6,34.6,28.2,1079.0
Charkhi Dadri ,Haryana,23.4,1007.0,69.6,11.8,61.3,53.4,98.9,84.2,23.9,17.0,72.6,90.4,36.2,38.3,29.7,1607.0
Chamba ,Himachal Pradesh,25.1,1001.0,70.1,3.8,65.2,62.7,72.0,99.90500000000009,42.6,14.6,43.7,86.5,35.0,40.3,26.8,4252.0
Kangra ,Himachal Pradesh,21.1,795.0,84.1,1.5,52.0,56.3,90.2,83.9,28.0,15.2,63.4,73.3,49.1,32.9,36.4,2087.0
Lahul & Spiti ,Himachal Pradesh,17.8,1182.0,65.6,11.2,66.3,65.6,86.4,77.9,28.5,9.9,79.7,61.7,71.7,33.5,31.2,3533.0
Kullu ,Himachal Pradesh,21.8,1017.0,77.4,8.7,67.5,60.0,87.0,80.2,35.9,11.0,52.8,81.2,65.0,33.6,26.8,2919.0
Mandi ,Himachal Pradesh,22.3,840.0,79.2,6.3,71.3,70.3,86.6,94.1,31.3,12.8,48.9,87.0,38.6,31.7,41.3,2859.0
Hamirpur ,Himachal Pradesh,20.3,1073.0,86.7,3.5,51.4,59.4,97.6,74.3,27.3,17.2,49.5,85.5,44.7,33.0,32.0,4229.0
Una ,Himachal Pradesh,21.8,873.0,86.1,1.6,45.9,71.7,89.7,75.3,24.7,16.3,60.8,81.4,46.2,31.0,22.6,4903.0
Bilaspur ,Himachal Pradesh,22.1,875.0,81.3,10.0,70.3,81.4,91.7,99.90500000000009,40.1,17.5,53.0,80.8,35.8,33.3,35.4,3360.0
Solan ,Himachal Pradesh,22.3,882.0,82.4,13.3,65.5,88.2,90.2,92.6,32.3,11.9,47.5,81.8,62.5,29.0,41.9,5401.0
Sirmaur ,Himachal Pradesh,25.5,925.0,75.7,5.0,74.5,85.2,87.4,93.9,28.6,16.1,50.1,84.3,46.8,27.3,26.2,2586.0
Shimla ,Himachal Pradesh,19.0,808.0,81.6,6.1,76.0,85.3,92.2,96.5,27.1,9.9,46.5,87.3,78.0,31.7,37.1,6658.0
Kinnaur ,Himachal Pradesh,19.1,701.0,73.8,27.9,76.7,75.3,82.7,91.7,32.2,9.9,51.7,80.1,70.4,44.1,35.9,3884.0
Kupwara ,Jammu & Kashmir,26.7,940.0,68.7,3.1,56.5,89.2,97.1,93.2,24.9,5.1,73.5,67.7,62.0,49.8,10.4,5108.0
Badgam ,Jammu & Kashmir,22.3,843.0,62.5,1.5,57.7,66.5,96.5,92.5,26.8,4.7,73.9,77.0,71.1,42.9,6.525,5525.0
Punch ,Jammu & Kashmir,27.2,1175.0,72.1,5.4,53.3,86.4,86.0,91.2,25.9,6.8,54.1,66.7,44.6,38.8,11.1,3641.0
Rajouri ,Jammu & Kashmir,26.4,968.0,72.6,12.2,56.2,71.9,88.8,95.0,30.3,4.8,60.6,63.3,42.8,44.8,16.4,4199.0
Kathua ,Jammu & Kashmir,19.8,1100.0,77.4,1.5,72.7,31.6,97.1,99.90500000000009,21.8,5.3,53.6,75.4,68.5,33.3,7.0,5661.0
Baramula ,Jammu & Kashmir,24.8,952.0,62.9,3.8,28.2,75.2,96.2,73.7,23.2,10.6,72.5,77.7,76.5,34.7,6.525,9853.0
Bandipore ,Jammu & Kashmir,25.5,1000.0,62.4,1.8,34.6,82.6,92.8,90.3,25.2,10.4,73.7,66.8,77.9,40.1,9.1,6399.0
Srinagar ,Jammu & Kashmir,20.2,924.0,68.2,1.7,52.2,85.1,99.2,90.9,33.0,3.5,51.7,86.8,98.4,36.5,17.9,4589.0
Ganderbal ,Jammu & Kashmir,25.1,816.0,60.2,5.3,27.7,80.4,98.0,81.2,18.5,7.7,77.2,78.4,84.4,36.3,8.3,6961.0
Pulwama ,Jammu & Kashmir,22.1,889.0,67.2,1.5,46.1,95.68500000000002,97.8,88.8,22.4,2.9,73.2,91.6,76.6,41.2,9.9,4299.0
Shupiyan ,Jammu & Kashmir,23.0,1142.0,71.4,2.1,53.1,86.8,98.3,92.2,22.0,2.705,63.9,86.5,66.1,47.0,8.4,5792.0
Anantnag ,Jammu & Kashmir,22.4,1177.0,65.5,2.5,57.3,80.9,90.5,83.3,28.2,4.1,74.3,84.7,76.5,47.0,7.3,6058.0
Kulgam ,Jammu & Kashmir,25.4,1097.0,64.0,3.7,55.0,92.2,98.9,98.1,28.4,2.705,77.0,80.5,40.3,37.7,6.525,3852.0
Doda ,Jammu & Kashmir,28.4,959.0,65.1,11.0,49.4,74.3,73.5,61.7,32.7,5.0,66.5,70.9,42.4,37.1,7.6,4458.0
Ramban ,Jammu & Kashmir,29.5,1022.0,60.8,5.5,52.6,79.2,80.4,78.9,25.7,7.6,59.7,48.9,35.8,36.4,9.2,2683.0
Kishtwar ,Jammu & Kashmir,24.8,1024.0,68.9,7.2,47.8,76.4,91.6,91.6,27.5,5.1,79.7,59.6,50.6,41.3,16.4,4410.0
Udhampur ,Jammu & Kashmir,26.1,997.0,73.0,6.1,63.9,69.8,87.2,85.8,37.3,4.0,56.5,69.8,55.1,45.2,16.8,3412.0
Reasi ,Jammu & Kashmir,30.7,1000.0,66.9,9.6,51.7,75.9,69.3,79.1,17.7,4.3,62.9,62.7,35.2,41.7,11.2,4046.0
Jammu ,Jammu & Kashmir,22.2,892.0,84.0,5.3,57.1,95.4,96.5,84.1,27.0,4.2,66.6,81.2,87.9,25.7,23.3,4714.0
Samba ,Jammu & Kashmir,24.5,888.0,76.6,6.3,50.4,95.68500000000002,97.9,90.9,24.5,3.6,62.4,78.8,73.0,38.9,19.0,4149.0
Garhwa ,Jharkhand,33.3,829.0,60.5,31.3,48.7,29.8,84.0,77.2,47.7,28.8,62.7,54.1,24.7,46.7,55.3,2256.0
Chatra ,Jharkhand,36.8,764.0,60.7,31.7,51.8,32.4,71.5,71.7,42.2,32.2,56.0,48.1,20.4,49.7,46.5,2066.0
Kodarma ,Jharkhand,35.8,872.0,64.4,42.5,56.6,47.6,91.3,73.8,34.6,29.9,64.9,54.0,35.8,37.3,56.8,1948.0
Giridih ,Jharkhand,34.6,852.0,61.6,45.6,54.3,42.1,70.7,70.6,31.9,27.3,64.7,59.2,32.4,44.8,52.4,2101.0
Deoghar ,Jharkhand,36.0,929.0,59.8,49.2,48.5,30.7,61.3,54.5,41.7,32.5,70.2,41.6,23.5,52.0,53.8,2133.0
Godda ,Jharkhand,33.8,881.0,52.7,48.5,50.6,39.2,70.2,63.9,39.4,23.6,66.3,54.9,19.7,45.1,45.9,1463.0
Sahibganj ,Jharkhand,39.4,984.0,57.3,39.9,34.0,36.2,64.7,66.0,49.1,28.5,71.5,43.2,17.4,47.2,34.8,1546.0
Pakur ,Jharkhand,36.3,925.0,53.1,43.4,45.4,26.6,64.6,69.4,51.3,34.4,79.7,38.3,16.9,50.8,52.5,1644.0
Dhanbad ,Jharkhand,27.8,869.0,68.7,28.3,51.6,44.6,78.8,66.1,27.0,26.0,63.8,67.6,37.2,45.7,45.7,2627.0
Bokaro ,Jharkhand,27.3,899.0,71.5,26.3,59.6,48.7,80.9,71.0,36.2,26.6,68.8,64.4,47.0,45.0,44.7,3372.0
Lohardaga ,Jharkhand,32.4,1011.0,65.6,21.9,41.1,37.7,84.1,88.2,40.7,24.1,61.7,67.7,34.0,51.7,58.9,1707.0
Purbi Singhbhum ,Jharkhand,23.4,837.0,74.1,19.8,47.2,40.7,94.0,88.8,35.9,15.5,64.4,70.2,57.6,38.8,50.7,3378.0
Palamu ,Jharkhand,34.6,1098.0,63.5,35.4,53.1,33.8,74.9,80.9,43.7,26.7,61.0,46.3,25.4,48.9,55.8,2597.0
Latehar ,Jharkhand,35.9,967.0,60.5,32.2,45.9,43.1,70.3,75.0,40.1,31.1,63.6,51.4,14.2,51.6,52.2,1268.0
Hazaribagh ,Jharkhand,32.6,856.0,66.1,38.6,53.6,36.4,82.0,70.1,37.8,25.3,56.1,55.6,36.8,42.5,55.0,2328.0
Ramgarh ,Jharkhand,27.9,903.0,68.4,25.1,54.2,40.9,79.0,81.8,35.3,27.3,62.3,64.2,33.2,48.5,49.7,2121.0
Dumka ,Jharkhand,31.7,946.0,59.7,43.1,43.4,39.3,60.3,78.9,38.2,29.6,73.4,41.5,18.1,56.6,45.4,1602.0
Jamtara ,Jharkhand,29.5,825.0,63.7,50.5,54.1,36.0,75.4,78.8,41.9,30.6,77.7,52.8,20.3,49.7,62.9,2771.0
Ranchi ,Jharkhand,25.4,874.0,73.3,20.9,51.3,35.2,87.3,73.8,28.3,21.2,58.9,77.2,57.7,45.8,43.9,2394.0
Khunti ,Jharkhand,29.8,709.0,63.1,21.7,43.4,37.4,73.8,71.9,38.5,20.6,70.0,55.2,18.7,57.2,58.2,1314.0
Gumla ,Jharkhand,30.7,1028.0,65.1,20.9,45.0,49.3,83.8,85.3,40.2,25.2,59.5,50.1,19.1,55.5,51.7,1124.0
Simdega ,Jharkhand,30.0,907.0,68.2,15.9,27.7,34.4,75.7,79.3,42.2,25.8,70.6,71.3,15.9,56.5,60.6,669.0
Pashchimi Singhbhum ,Jharkhand,35.8,872.0,58.4,24.4,36.3,34.9,67.9,87.0,52.085000000000015,33.1,72.6,37.7,15.5,56.4,46.7,1183.0
Saraikela-Kharsawan ,Jharkhand,26.2,919.0,64.4,19.2,52.4,54.4,81.8,80.9,40.0,20.3,70.2,60.9,31.5,42.6,63.1,1770.0
Belgaum ,Karnataka,25.0,892.0,72.4,32.8,70.6,63.7,97.5,81.4,32.8,22.2,52.9,67.7,74.8,28.8,20.7,3902.0
Bagalkot ,Karnataka,26.5,879.0,67.3,38.7,65.3,76.2,95.2,78.6,48.3,17.1,48.0,51.3,56.6,33.7,22.3,4576.0
Bijapur ,Karnataka,28.0,885.0,66.1,39.2,62.7,56.4,91.8,71.1,45.9,18.1,52.9,44.8,60.6,34.6,21.2,3198.0
Bidar ,Karnataka,27.3,898.0,68.2,19.2,68.5,55.3,99.0,74.8,36.8,24.9,55.9,56.5,65.2,31.2,21.4,4091.0
Raichur ,Karnataka,29.3,907.0,55.3,21.9,49.6,67.5,88.9,80.2,39.8,23.3,60.4,53.0,64.9,28.4,17.8,6277.0
Koppal ,Karnataka,28.8,952.0,63.9,27.1,63.2,50.7,90.7,84.8,49.1,24.9,54.8,58.8,47.4,34.1,20.6,4909.0
Gadag ,Karnataka,24.1,911.0,73.3,27.7,57.7,68.7,96.2,74.3,45.2,18.9,50.5,55.2,56.3,35.6,28.3,5726.0
Dharwad ,Karnataka,22.1,1110.0,78.2,17.8,65.7,85.2,99.7,87.6,45.2,17.3,52.1,79.3,79.1,36.8,24.5,3225.0
Uttara Kannada ,Karnataka,18.2,724.0,81.1,11.6,69.3,57.9,99.3,93.6,29.6,18.4,44.6,89.6,73.4,26.1,32.0,5362.0
Haveri ,Karnataka,25.4,805.0,72.6,16.5,44.6,58.7,97.2,95.7,29.9,19.9,50.8,68.9,60.7,33.1,28.8,11573.0
Bellary ,Karnataka,23.6,1072.0,64.2,22.2,62.3,56.4,95.7,71.5,36.1,22.2,58.1,64.1,76.2,26.2,25.7,12348.0
Chitradurga ,Karnataka,22.5,1050.0,73.0,20.7,72.5,79.3,98.3,94.6,36.0,14.5,44.6,63.1,80.6,36.9,35.3,4234.0
Davanagere ,Karnataka,21.9,797.0,74.9,19.1,46.9,63.1,98.3,79.4,38.4,15.9,51.7,83.3,79.1,30.0,25.2,7508.0
Shimoga ,Karnataka,22.9,1111.0,78.8,11.1,76.4,79.4,99.7,96.1,29.0,15.0,41.9,85.4,85.7,32.0,26.5,5284.0
Udupi ,Karnataka,19.5,1093.0,82.0,4.4,71.3,59.4,98.9,89.9,23.1,23.8,47.3,94.5,67.8,17.4,50.9,2886.0
Chikmagalur ,Karnataka,19.4,849.0,76.2,19.5,78.29,74.3,98.4,91.0,27.3,14.2,40.8,92.3,79.0,32.3,30.0,4544.0
Tumkur ,Karnataka,21.2,1133.0,72.3,24.8,75.8,80.4,100.0,97.7,40.3,15.2,49.3,86.1,85.3,26.7,31.0,4533.0
Bangalore ,Karnataka,20.6,1163.0,85.7,14.5,73.0,74.6,99.3,78.2,31.3,10.0,35.5,90.4,97.2,20.9,28.8,3633.0
Mandya ,Karnataka,18.1,1041.0,67.7,13.1,78.29,90.1,99.5,93.9,24.3,13.7,47.0,86.7,90.5,20.1,39.9,4109.0
Hassan ,Karnataka,20.2,872.0,74.4,16.2,77.5,75.8,100.0,96.8,27.1,11.1,42.2,87.9,86.1,29.0,36.9,3421.0
Dakshina Kannada ,Karnataka,19.8,1038.0,83.9,4.9,60.2,82.0,100.0,86.8,25.1,12.6,38.8,97.1,82.0,15.1,36.3,3699.0
Kodagu ,Karnataka,21.2,1190.0,83.6,12.8,72.3,74.4,98.4,90.6,30.4,12.0,39.9,93.9,78.3,22.2,45.6,2830.0
Mysore ,Karnataka,20.7,1123.0,72.4,17.5,77.3,85.7,100.0,97.2,27.5,14.7,48.0,86.4,94.7,22.7,26.2,4143.0
Chamarajanagar ,Karnataka,19.4,953.0,63.2,19.3,78.29,84.1,100.0,93.3,32.2,17.9,46.3,75.2,89.0,22.4,34.4,4270.0
Gulbarga ,Karnataka,26.8,976.0,65.0,29.8,53.0,53.6,88.7,75.3,34.5,20.8,56.0,36.535,58.5,33.5,17.4,3738.0
Yadgir ,Karnataka,29.2,922.0,51.9,33.2,63.7,63.6,93.3,82.6,52.085000000000015,26.0,57.3,37.4,48.8,31.8,16.7,4386.0
Kolar ,Karnataka,21.8,919.0,71.6,26.7,71.9,90.9,99.6,86.3,31.1,17.8,43.6,89.2,89.9,19.2,33.9,3188.0
Chikkaballapura ,Karnataka,21.7,1110.0,65.9,27.1,77.4,90.5,99.0,76.6,31.3,22.6,45.5,84.9,89.4,20.2,26.1,4324.0
Bangalore Rural ,Karnataka,20.5,1177.0,74.3,14.1,76.3,90.9,100.0,92.7,36.6,14.1,44.2,88.8,93.6,24.8,34.9,4836.0
Ramanagara ,Karnataka,18.1,781.0,68.8,11.8,77.5,88.7,100.0,99.90500000000009,15.6,13.2,45.5,89.6,92.0,25.9,35.7,4877.0
Kasaragod ,Kerala,24.1,984.0,90.8,4.7,46.6,91.2,100.0,92.5,25.3,9.4,35.4,98.9,73.5,14.2,44.0,3778.0
Kannur ,Kerala,23.9,880.0,96.7,5.4,54.2,78.3,100.0,77.7,19.4,8.7,39.7,99.19000000000001,70.4,12.9,47.9,6125.0
Wayanad ,Kerala,21.2,1003.0,88.2,8.4,69.5,94.2,100.0,86.4,31.3,14.0,26.9,97.6,55.7,26.0,64.8,7967.0
Kozhikode ,Kerala,19.9,1000.0,97.18000000000002,4.2,58.5,91.8,100.0,88.8,21.3,8.4,29.8,99.19000000000001,73.8,11.3,61.1,4734.0
Malappuram ,Kerala,27.0,807.0,94.9,15.3,41.5,90.4,100.0,80.3,29.4,10.3,34.7,99.19000000000001,59.0,12.5,42.8,6760.0
Palakkad ,Kerala,19.3,1012.0,89.6,14.1,51.9,68.4,100.0,51.8,29.7,12.9,49.6,99.0,67.5,22.5,53.8,6211.0
Thrissur ,Kerala,18.8,763.0,97.18000000000002,1.5,61.5,82.4,100.0,78.0,22.0,10.9,44.4,99.19000000000001,76.3,17.8,48.7,5007.0
Ernakulam ,Kerala,18.8,1034.0,97.18000000000002,2.9,61.5,82.2,99.1,82.6,22.0,8.0,31.7,99.19000000000001,88.4,15.3,46.2,4940.0
Idukki ,Kerala,19.0,859.0,93.0,7.1,67.8,74.3,100.0,89.6,24.3,9.0,32.0,97.5,54.3,24.8,58.1,4942.0
Kottayam ,Kerala,18.8,865.0,97.18000000000002,1.6,40.3,55.1,98.7,78.0,23.4,12.3,38.7,98.6,72.5,18.3,53.2,10236.0
Alappuzha ,Kerala,17.3,1323.5500000000013,97.18000000000002,3.8,56.9,65.7,99.4,61.9,20.1,14.3,31.9,99.19000000000001,79.2,18.3,60.4,10557.0
Pathanamthitta ,Kerala,17.3,916.0,97.18000000000002,1.5,54.4,83.9,99.1,78.0,22.7,12.3,36.4,98.9,60.1,22.3,50.1,7608.0
Kollam ,Kerala,18.9,1135.0,96.6,1.8,60.5,79.3,100.0,85.4,15.6,9.5,36.0,97.5,80.1,21.5,56.0,6836.0
Thiruvananthapuram ,Kerala,20.3,1000.0,94.5,6.2,38.5,55.3,99.5,72.8,19.5,6.6,33.0,95.4,72.2,15.0,48.7,10165.0
Leh(Ladakh) ,Ladakh,21.0,949.0,66.3,2.5,54.2,69.6,96.4,88.9,24.3,5.3,79.7,42.4,93.5,39.5,16.2,4043.0
Kargil ,Ladakh,24.5,1323.5500000000013,69.6,2.5,41.6,88.0,93.7,87.5,36.5,3.5,79.7,42.3,58.1,31.9,13.6,3569.0
Lakshadweep , Lakshadweep ,22.3,1051.0,93.0,1.5,30.1,88.3,99.6,86.1,32.0,8.0,25.8,99.19000000000001,59.4,28.5,60.1,2533.0
Sheopur ,Madhya Pradesh,31.0,974.0,53.1,39.5,63.5,41.0,84.2,65.8,45.8,30.5,64.9,48.0,22.9,53.4,27.1,1409.0
Morena ,Madhya Pradesh,31.1,1087.0,67.0,27.8,51.8,64.9,94.8,69.7,40.0,22.3,67.5,62.7,32.6,39.3,36.3,1788.0
Bhind ,Madhya Pradesh,28.5,968.0,66.9,25.1,48.5,63.1,93.5,70.7,32.2,24.3,69.9,79.9,31.0,37.9,31.0,1252.0
Gwalior ,Madhya Pradesh,24.4,753.0,72.2,11.8,51.5,68.9,94.8,80.5,40.1,20.4,62.5,83.2,69.8,30.2,40.6,1717.0
Datia ,Madhya Pradesh,24.1,701.0,67.4,27.7,66.3,54.2,89.4,79.6,36.8,23.0,58.6,66.8,31.2,44.7,30.9,1809.0
Shivpuri ,Madhya Pradesh,27.8,963.0,61.4,32.5,55.5,52.7,94.5,63.1,39.2,26.7,51.1,55.5,32.7,43.4,38.9,721.0
Tikamgarh ,Madhya Pradesh,26.6,1105.0,66.8,32.6,71.0,64.2,89.8,79.0,27.5,21.3,49.1,56.6,32.1,53.9,40.5,581.1
Chhatarpur ,Madhya Pradesh,29.6,925.0,65.1,39.2,60.6,36.9,85.2,72.9,45.1,25.2,63.5,55.5,30.1,60.5,17.1,1505.0
Panna ,Madhya Pradesh,27.5,889.0,63.7,22.8,57.8,30.9,84.0,64.5,45.1,26.8,59.0,43.8,22.1,55.5,12.6,1908.0
Sagar ,Madhya Pradesh,26.9,939.0,76.4,21.4,60.9,35.9,86.9,75.9,42.7,22.8,49.8,68.8,32.7,51.6,27.5,2054.0
Damoh ,Madhya Pradesh,28.4,751.0,70.3,28.6,67.5,46.4,85.0,60.8,40.3,23.7,48.1,40.6,28.1,55.4,21.6,1818.0
Satna ,Madhya Pradesh,27.5,701.0,71.9,12.9,61.2,51.5,85.5,76.3,49.4,21.3,57.3,55.4,35.2,55.9,22.0,1117.0
Rewa ,Madhya Pradesh,28.6,954.0,65.2,28.2,59.9,33.0,80.4,70.3,37.0,16.5,61.7,46.1,21.4,55.3,29.4,2318.0
Umaria ,Madhya Pradesh,26.1,906.0,68.0,21.2,60.5,48.9,92.2,90.6,45.3,21.1,51.5,53.7,26.9,59.1,19.9,1304.0
Neemuch ,Madhya Pradesh,23.8,993.0,64.1,29.3,66.3,60.6,97.5,88.7,33.0,18.8,50.3,68.9,52.4,31.1,43.3,1878.0
Mandsaur ,Madhya Pradesh,22.9,1021.0,63.1,34.8,64.8,60.8,99.4,75.1,30.9,29.4,56.7,65.4,45.6,35.3,48.4,1812.0
Ratlam ,Madhya Pradesh,28.2,1067.0,66.2,31.3,68.3,65.1,95.2,93.0,29.0,23.4,59.5,69.4,53.1,33.9,37.9,1729.0
Ujjain ,Madhya Pradesh,23.7,958.0,68.9,33.4,72.9,60.3,97.1,93.7,34.7,21.1,54.5,72.8,60.7,38.1,35.7,2650.0
Dewas ,Madhya Pradesh,25.0,885.0,68.6,28.1,61.2,49.1,92.2,87.1,36.8,22.5,51.3,69.6,51.0,42.1,35.1,2815.0
Dhar ,Madhya Pradesh,26.9,1056.0,59.5,26.5,75.5,76.5,95.5,75.4,28.8,17.1,50.2,61.9,44.8,44.1,30.3,1250.0
Indore ,Madhya Pradesh,23.8,996.0,78.0,21.7,78.29,74.6,96.5,84.6,28.7,15.6,48.1,90.0,86.9,36.3,40.3,1835.0
Khargone (West Nimar) ,Madhya Pradesh,25.9,1043.0,62.1,13.3,75.0,61.3,92.8,77.4,31.4,16.7,50.1,73.8,61.6,43.0,43.7,1657.0
Barwani ,Madhya Pradesh,33.3,896.0,54.1,29.6,73.5,64.2,85.1,76.1,45.8,27.1,58.4,61.0,40.5,43.8,29.2,1599.0
Rajgarh ,Madhya Pradesh,26.5,971.0,58.9,46.0,59.7,55.2,91.7,71.9,27.6,28.0,52.3,47.8,24.8,48.8,27.1,2152.0
Vidisha ,Madhya Pradesh,29.0,960.0,69.2,22.8,64.6,54.4,90.6,78.0,36.5,23.1,38.5,65.2,31.8,54.0,48.2,1668.0
Bhopal ,Madhya Pradesh,22.5,1261.0,78.3,11.3,73.7,64.6,98.3,78.0,19.9,18.2,53.5,79.6,83.6,32.9,50.7,3176.0
Sehore ,Madhya Pradesh,25.6,824.0,68.5,21.7,51.5,45.0,94.7,60.3,21.9,27.1,45.3,75.2,33.7,47.1,33.2,3654.0
Raisen ,Madhya Pradesh,26.1,754.0,73.3,12.6,72.6,56.6,96.0,78.0,30.4,20.5,56.9,69.6,38.9,52.1,41.0,2787.0
Betul ,Madhya Pradesh,24.3,1049.0,71.2,11.2,70.7,74.0,87.6,80.9,30.8,24.7,56.2,59.8,36.0,45.7,51.3,581.1
Harda ,Madhya Pradesh,24.3,891.0,74.1,10.0,75.5,71.9,88.4,90.8,38.8,15.9,62.6,68.8,57.6,49.0,33.3,3011.0
Hoshangabad ,Madhya Pradesh,24.7,950.0,74.0,16.7,28.0,31.5,91.8,73.5,34.8,21.9,51.9,68.5,47.3,50.4,28.6,4623.0
Katni ,Madhya Pradesh,25.3,958.0,71.4,17.2,64.1,52.9,91.8,86.0,49.5,18.1,58.7,53.5,29.5,57.4,18.1,1019.0
Jabalpur ,Madhya Pradesh,23.4,1111.0,70.0,7.2,77.8,60.4,94.7,78.0,18.0,27.8,48.9,61.9,28.5,56.6,61.2,581.1
Narsimhapur ,Madhya Pradesh,24.3,947.0,73.8,19.6,70.4,74.2,91.4,82.7,32.0,25.1,46.9,77.0,36.7,55.2,49.4,1662.0
Dindori ,Madhya Pradesh,27.2,903.0,64.8,21.1,70.4,56.5,77.6,80.3,38.9,29.3,65.2,47.9,13.44,60.6,47.2,581.1
Mandla ,Madhya Pradesh,25.1,1130.0,68.3,15.0,74.3,54.4,87.6,88.9,32.1,26.8,60.6,58.4,22.3,57.5,42.6,735.0
Chhindwara ,Madhya Pradesh,22.5,1078.0,73.1,11.6,74.2,67.0,92.2,65.3,23.9,28.5,41.7,77.1,43.6,49.0,48.5,718.0
Seoni ,Madhya Pradesh,24.2,1212.0,71.3,11.2,74.5,64.5,94.8,88.8,23.5,26.6,59.9,56.2,29.0,57.2,44.6,699.0
Balaghat ,Madhya Pradesh,23.1,979.0,72.8,4.4,70.1,69.1,95.1,75.8,41.9,30.2,60.6,79.6,31.1,49.9,68.4,1400.0
Guna ,Madhya Pradesh,28.6,825.0,61.4,28.1,69.2,68.3,98.0,78.8,31.9,18.4,49.8,55.6,34.5,42.1,43.1,1544.0
Ashoknagar ,Madhya Pradesh,28.6,915.0,62.4,29.7,68.2,57.9,91.3,69.1,32.6,26.1,46.1,53.7,20.3,46.8,34.2,1585.0
Shahdol ,Madhya Pradesh,24.7,1032.0,67.2,27.5,58.3,57.4,85.6,86.1,44.0,28.3,56.4,61.4,26.5,46.4,58.4,1274.0
Anuppur ,Madhya Pradesh,24.1,970.0,65.0,18.6,57.6,63.6,84.8,86.6,24.0,26.5,52.6,69.4,21.7,53.8,52.8,1230.0
Sidhi ,Madhya Pradesh,30.7,763.0,66.7,23.0,58.6,39.4,83.8,78.2,39.1,22.9,55.7,44.7,20.9,54.5,26.1,581.1
Singrauli ,Madhya Pradesh,29.5,884.0,60.9,24.7,50.0,58.1,69.9,76.9,37.3,25.6,54.1,52.6,31.7,46.0,58.5,581.1
Jhabua ,Madhya Pradesh,38.9,1156.0,48.92,36.5,71.6,63.6,92.9,88.9,49.3,29.2,58.8,57.6,17.5,35.2,43.7,1132.0
Alirajpur ,Madhya Pradesh,34.8,942.0,48.92,30.7,72.2,54.7,83.2,84.1,34.6,19.6,60.5,84.7,17.4,46.3,42.5,602.0
Khandwa (East Nimar) ,Madhya Pradesh,26.0,1272.0,67.1,10.8,71.1,62.2,93.2,87.9,38.4,21.7,64.8,76.7,48.3,44.9,38.1,869.0
Burhanpur ,Madhya Pradesh,27.9,816.0,69.8,17.8,71.5,63.1,90.7,91.7,38.7,20.9,57.3,74.0,68.2,35.4,42.2,1427.0
Agar Malwa ,Madhya Pradesh,23.6,1212.0,56.3,35.6,73.0,76.5,98.9,75.8,40.3,26.7,59.2,72.3,39.5,37.6,58.9,1519.0
Shajapur ,Madhya Pradesh,25.0,1012.0,62.6,24.4,71.8,64.7,98.1,90.0,27.8,23.1,45.8,74.5,37.7,46.6,34.3,1974.0
Nandurbar ,Maharastra,26.6,885.0,63.5,24.0,61.2,58.2,76.3,72.4,45.8,34.495000000000005,64.2,54.1,40.3,42.6,15.3,1313.0
Dhule ,Maharastra,27.3,919.0,73.5,40.5,50.3,63.2,77.2,56.6,37.6,26.5,61.2,58.9,65.1,38.2,19.8,2269.0
Jalgaon ,Maharastra,25.1,857.0,77.5,28.0,43.6,58.4,86.5,61.3,36.3,22.2,65.2,59.7,79.5,37.7,11.9,3366.0
Buldana ,Maharastra,24.0,1036.0,78.1,24.1,78.1,72.7,93.9,85.9,45.0,21.6,57.8,68.9,69.2,42.5,37.9,2641.0
Akola ,Maharastra,23.5,896.0,86.3,13.5,72.8,76.3,97.7,69.5,31.8,16.1,52.6,69.5,75.5,44.0,40.1,1753.0
Washim ,Maharastra,22.0,991.0,76.0,27.7,68.3,60.0,92.9,71.6,35.3,20.1,56.4,61.5,61.4,39.1,24.1,3071.0
Amravati ,Maharastra,21.1,1090.0,86.2,9.8,77.7,71.7,91.3,92.5,29.0,20.5,53.4,75.7,71.7,40.8,31.9,3557.0
Wardha ,Maharastra,20.4,1173.0,85.1,9.0,78.1,70.4,98.8,92.4,27.7,17.1,60.0,80.2,83.9,52.6,27.1,3482.0
Nagpur ,Maharastra,20.9,926.0,86.5,7.1,78.29,71.4,100.0,89.4,27.6,17.1,53.6,88.9,96.0,40.2,25.6,3249.0
Bhandara ,Maharastra,22.5,897.0,80.3,1.5,75.6,79.0,100.0,87.0,31.3,25.8,65.3,81.8,71.4,60.7,30.0,2584.0
Gondiya ,Maharastra,21.6,1050.0,80.4,6.5,77.8,66.2,99.1,88.2,36.9,23.4,60.4,74.3,68.0,55.1,30.6,1684.0
Gadchiroli ,Maharastra,22.7,1098.0,67.1,10.1,76.0,86.8,97.3,97.9,35.7,24.3,66.2,62.4,60.5,61.4,33.3,1847.0
Chandrapur ,Maharastra,19.6,1025.0,78.9,9.0,78.1,68.5,99.6,95.0,37.3,26.5,55.5,77.3,85.1,49.1,28.9,2109.0
Yavatmal ,Maharastra,22.1,1012.0,77.6,11.7,75.7,66.9,96.3,74.7,36.6,23.2,58.4,66.4,71.8,46.6,29.0,1734.0
Nanded ,Maharastra,24.8,888.0,68.1,32.2,67.3,53.5,94.8,75.7,36.0,22.9,57.3,68.0,64.5,36.7,15.7,2964.0
Hingoli ,Maharastra,24.8,838.0,69.4,37.1,72.9,66.6,94.0,76.9,37.4,24.9,51.3,69.0,53.1,32.7,14.7,3114.0
Parbhani ,Maharastra,29.5,983.0,67.1,48.0,41.5,47.4,85.6,52.0,37.6,20.4,58.8,60.1,54.8,37.7,10.5,2779.0
Jalna ,Maharastra,26.9,867.0,67.6,35.0,48.9,58.4,92.8,54.3,38.0,23.3,58.2,63.6,56.4,32.5,9.7,4178.0
Aurangabad ,Maharastra,27.4,875.0,78.4,35.8,46.0,57.2,94.8,56.7,34.2,20.3,52.4,69.1,78.4,33.8,12.4,4039.0
Nashik ,Maharastra,25.5,816.0,78.2,29.6,54.0,66.4,90.5,70.4,42.2,25.6,56.2,68.3,72.5,35.0,14.7,1698.0
Mumbai Suburban ,Maharastra,20.2,703.0,88.5,10.0,58.7,72.2,98.1,78.0,37.2,12.2,50.0,62.6,98.7,20.0,20.2,3943.0
Mumbai ,Maharastra,17.3,1019.0,92.5,4.5,71.7,87.1,99.5,78.0,26.6,12.0,45.9,58.6,98.3,20.3,30.7,6233.0
Raigarh ,Maharastra,21.3,871.0,73.7,16.0,70.9,83.1,96.6,92.3,35.8,21.8,54.2,74.8,83.3,31.8,26.3,1676.0
Pune ,Maharastra,22.8,873.0,84.8,24.0,55.9,68.6,98.0,58.1,30.7,19.6,51.9,79.6,89.5,27.9,14.4,3677.0
Ahmadnagar ,Maharastra,23.0,845.0,77.4,26.9,67.4,76.6,97.9,83.5,31.7,21.5,50.3,79.5,77.4,37.7,12.0,5575.0
Bid ,Maharastra,24.0,843.0,64.6,43.7,56.7,56.8,94.0,75.9,40.8,20.8,50.8,66.4,54.4,37.8,9.3,3988.0
Latur ,Maharastra,23.7,1265.0,70.6,31.0,77.2,72.6,94.7,79.2,43.2,24.2,50.7,72.5,78.5,37.5,33.6,2483.0
Osmanabad ,Maharastra,24.7,1050.0,71.3,36.6,77.1,89.2,98.1,89.3,37.2,19.1,49.1,71.2,69.7,44.2,14.8,2654.0
Solapur ,Maharastra,25.7,960.0,72.0,40.3,74.2,81.9,96.2,83.6,36.3,21.2,54.5,67.8,73.1,39.2,20.5,1910.0
Satara ,Maharastra,20.6,958.0,78.5,18.1,72.8,81.7,97.1,82.8,20.2,22.9,49.6,78.7,82.1,40.6,11.4,2607.0
Ratnagiri ,Maharastra,17.3,948.0,80.3,4.4,60.5,78.6,97.8,77.2,31.7,25.8,43.4,85.6,58.1,31.3,16.6,3096.0
Sindhudurg ,Maharastra,17.3,874.0,83.1,5.0,56.8,73.4,100.0,76.3,30.8,21.5,41.2,87.9,66.0,26.8,13.2,3290.0
Kolhapur ,Maharastra,20.7,937.0,80.2,21.0,69.2,81.8,99.2,67.2,33.6,19.2,50.1,82.0,84.7,25.8,16.5,2958.0
Sangli ,Maharastra,21.4,1012.0,80.4,27.0,64.7,80.1,98.0,75.0,35.0,15.0,47.5,84.7,87.3,31.5,12.3,3548.0
Palghar ,Maharastra,22.6,747.0,77.5,14.6,66.0,86.3,94.2,94.0,33.0,27.9,56.9,75.1,75.0,26.2,18.8,1948.0
Thane ,Maharastra,22.5,1029.0,86.1,18.4,57.1,70.2,93.6,74.9,40.8,18.9,58.8,74.7,90.4,24.2,22.7,2275.0
Senapati ,Manipur,33.0,938.0,79.6,15.5,17.51,64.9,45.8,65.0,27.3,5.3,27.4,84.4,50.0,63.7,15.4,12254.0
Tamenglong ,Manipur,33.2,932.0,78.4,19.9,22.2,56.4,57.7,67.4,27.1,4.6,27.3,77.9,30.5,52.2,16.8,8744.0
Churachandpur ,Manipur,34.1,1057.0,84.0,10.5,22.6,61.3,72.9,64.9,25.1,7.1,32.0,81.2,62.3,73.77500000000002,18.2,10646.0
Bishnupur ,Manipur,26.4,945.0,81.5,20.9,21.6,77.4,89.5,66.6,15.6,7.7,35.8,52.6,71.3,60.2,9.3,13105.050000000036
Thoubal ,Manipur,28.5,909.0,79.9,17.5,17.8,89.9,87.8,74.2,31.5,7.3,25.705,61.3,74.7,58.5,19.1,13105.050000000036
Imphal West ,Manipur,24.8,1039.0,89.0,15.3,17.51,93.4,95.7,74.1,15.6,6.3,26.8,58.7,88.6,52.3,15.7,13105.050000000036
Imphal East ,Manipur,26.0,936.0,87.2,15.2,17.51,87.1,91.7,76.2,18.4,8.7,35.9,59.5,79.0,53.5,7.0,13105.050000000036
Ukhrul ,Manipur,30.9,996.0,83.7,11.1,17.51,38.8,44.6,47.52,27.1,9.7,25.705,81.4,22.9,69.1,17.0,13105.050000000036
Chandel ,Manipur,29.8,1008.0,76.9,22.3,23.6,66.6,55.5,55.5,34.0,3.7,27.3,85.2,52.0,64.7,16.1,10920.0
South Garo Hills ,Meghalaya,31.4,1011.0,89.2,10.2,33.3,33.3,88.3,86.8,29.8,6.6,56.2,88.4,22.3,50.7,79.5,2370.0
Ribhoi ,Meghalaya,40.4,871.0,85.3,20.3,19.7,61.0,56.9,74.8,42.5,15.5,62.4,85.3,21.0,60.4,66.8,3648.0
East Khasi Hills ,Meghalaya,34.3,851.0,88.7,14.6,17.51,57.5,63.4,49.1,44.6,11.6,48.2,80.9,47.4,51.9,47.1,3258.0
East Garo Hills ,Meghalaya,31.1,1323.5500000000013,90.9,13.7,35.8,25.5,73.8,72.4,39.7,8.5,50.9,83.9,29.1,54.0,71.9,2473.0
East Jantia Hills ,Meghalaya,40.595000000000006,1015.0,76.0,25.3,24.0,58.6,48.4,74.4,49.8,13.5,43.9,83.6,26.5,68.5,74.1,3464.0
North Garo Hills ,Meghalaya,29.2,894.0,91.3,13.2,17.7,24.3,61.5,47.52,35.6,7.7,58.4,84.9,24.4,54.1,60.8,4504.0
South West Garo Hills ,Meghalaya,30.3,1036.0,81.7,15.3,32.3,28.5,83.7,85.4,32.2,8.5,62.5,71.4,33.9,52.4,75.1,2666.0
South West Khasi Hills ,Meghalaya,40.595000000000006,1032.0,84.6,21.6,17.51,63.4,41.725,78.8,51.4,17.2,58.9,89.6,13.44,63.7,72.3,3902.0
West Garo Hills ,Meghalaya,30.8,1323.5500000000013,88.7,10.4,39.9,48.0,89.6,77.1,39.5,7.7,55.3,86.3,47.6,58.3,77.9,3235.0
West Jaintia Hills ,Meghalaya,40.595000000000006,1036.0,73.8,19.9,17.51,43.1,42.2,59.7,48.7,9.6,55.9,75.1,20.7,64.7,65.6,2917.0
West Khasi Hills ,Meghalaya,40.595000000000006,984.0,85.1,30.3,17.51,64.0,41.725,62.5,52.085000000000015,14.6,51.8,87.8,13.44,73.3,60.1,2947.0
Chandel ,Mizoram,29.8,1008.0,76.9,22.3,23.6,66.6,55.5,55.5,34.0,3.7,27.3,85.2,52.0,64.7,16.1,10920.0
Mamit ,Mizoram,30.7,794.0,90.7,16.8,41.3,52.5,75.0,85.9,26.4,4.1,34.9,92.7,73.3,73.77500000000002,61.7,4150.0
Kolasib ,Mizoram,28.6,860.0,93.9,13.7,37.9,66.0,91.4,80.4,30.4,5.9,37.7,96.8,87.5,73.77500000000002,61.1,4834.0
Aizawl ,Mizoram,25.1,1042.0,97.18000000000002,3.2,21.0,68.5,97.4,66.4,25.3,3.8,31.7,96.1,95.4,68.7,37.5,9812.0
Champhai ,Mizoram,27.2,726.0,93.3,11.0,49.6,63.4,96.7,85.3,27.2,5.8,25.705,98.3,79.4,73.77500000000002,64.9,4336.0
Serchhip ,Mizoram,29.0,1084.0,96.8,7.2,39.4,60.3,96.2,84.7,31.8,5.9,32.1,98.2,81.8,73.77500000000002,58.8,6449.0
Lunglei ,Mizoram,24.6,876.0,89.8,4.8,33.0,56.7,82.7,73.8,26.5,6.2,34.9,95.6,79.9,73.77500000000002,46.5,5717.0
Lawngtlai ,Mizoram,32.8,1131.0,79.9,16.0,29.1,33.0,53.7,70.2,32.7,7.1,48.5,90.3,56.3,73.77500000000002,31.3,7318.0
Mon ,Nagaland,23.5,775.0,79.4,3.0,55.6,14.54,41.725,62.4,35.5,8.7,30.2,86.4,13.44,52.4,39.3,2965.0
Mokokchung ,Nagaland,20.4,1075.0,88.0,6.0,52.5,18.2,51.5,92.0,31.4,11.3,25.705,96.7,46.2,53.0,22.3,6242.0
Zunheboto ,Nagaland,22.2,1207.0,87.4,4.0,56.5,14.54,41.725,60.7,44.0,5.6,31.1,88.9,18.6,48.9,18.1,7554.0
Wokha ,Nagaland,21.4,1245.0,85.8,3.2,50.1,34.7,43.6,47.52,26.3,8.8,30.9,88.5,41.2,50.4,20.6,7125.0
Dimapur ,Nagaland,24.5,911.0,89.8,4.4,38.4,50.1,73.7,55.9,28.3,9.6,34.7,81.1,84.2,44.0,6.525,7330.0
Phek ,Nagaland,24.3,880.0,80.5,6.5,47.1,14.54,41.725,54.6,28.0,14.8,30.0,90.1,24.2,45.5,24.9,5886.0
Tuensang ,Nagaland,32.8,902.0,80.5,10.4,37.4,14.54,41.725,47.52,37.1,15.9,28.8,92.0,19.7,50.2,22.0,3394.0
Longleng ,Nagaland,28.8,922.0,81.2,11.0,56.3,15.4,41.725,53.0,34.1,14.4,34.6,86.6,13.44,54.0,38.3,7152.0
Kiphire ,Nagaland,32.4,871.0,77.4,22.5,32.7,14.54,41.725,47.52,36.9,13.9,31.4,83.1,16.4,44.2,8.8,6288.0
Kohima ,Nagaland,18.7,1075.0,90.4,1.5,46.7,28.3,66.9,82.8,28.3,11.7,25.705,87.4,61.7,47.9,26.7,4970.0
Peren ,Nagaland,28.5,896.0,81.1,9.1,42.0,14.54,43.5,63.3,34.9,6.6,29.7,89.4,31.4,49.2,6.525,4945.0
Central ,NCT of Delhi,23.9,994.0,84.4,11.2,49.8,73.1,92.2,82.1,33.5,10.4,44.6,77.0,98.8,27.8,22.6,2313.0
East ,NCT of Delhi,24.6,820.0,84.4,12.8,60.3,89.7,92.6,74.6,35.2,11.9,42.5,78.0,99.0,25.0,30.7,2735.0
New Delhi ,NCT of Delhi,25.3,898.0,85.9,10.2,59.9,80.1,91.8,82.2,27.4,12.8,56.0,69.4,98.3,29.0,25.2,2527.0
North ,NCT of Delhi,25.9,1084.0,80.8,17.0,47.3,50.6,89.7,66.2,25.0,9.2,47.2,70.2,98.1,30.3,18.1,2935.0
North East ,NCT of Delhi,25.8,936.0,82.7,5.0,57.8,86.2,89.2,86.4,38.7,9.6,45.9,89.5,99.0,24.1,19.4,1991.0
North West ,NCT of Delhi,24.4,878.0,84.2,10.1,60.5,77.9,94.0,78.3,26.9,9.0,51.4,88.2,99.0,24.1,28.2,2703.0
Shahdara ,NCT of Delhi,23.2,976.0,83.1,7.3,56.1,88.9,95.8,82.5,32.9,11.0,49.2,83.4,99.0,24.6,21.5,3703.0
South ,NCT of Delhi,22.9,985.0,83.5,6.6,62.0,85.6,82.0,86.2,33.4,10.1,46.2,89.5,97.7,28.2,28.7,2426.0
South East ,NCT of Delhi,22.1,951.0,83.9,7.5,65.2,83.2,96.1,64.6,21.7,7.7,47.9,83.8,99.0,20.8,24.5,3186.0
South West ,NCT of Delhi,22.8,701.0,86.6,7.5,60.8,91.0,92.5,77.3,27.1,9.0,56.4,86.2,99.0,27.4,37.7,2404.0
West ,NCT of Delhi,25.4,932.0,83.3,10.5,56.6,67.1,91.8,67.5,36.1,10.5,57.2,76.8,99.0,28.5,21.0,1750.0
Bargarh ,Odisha,22.2,950.0,72.1,8.6,55.7,70.1,99.6,95.9,38.9,19.0,62.6,61.9,31.9,40.1,45.5,4112.0
Jharsuguda ,Odisha,19.6,793.0,77.8,8.5,50.3,94.1,98.6,97.6,27.1,21.2,67.8,70.0,41.8,45.9,37.7,5720.0
Sambalpur ,Odisha,22.6,1061.0,74.6,7.4,58.1,89.0,99.5,98.0,40.7,19.7,66.7,62.4,42.6,50.8,49.3,4191.0
Debagarh ,Odisha,25.0,822.0,71.8,19.2,42.8,77.5,91.2,99.90500000000009,28.4,23.3,72.2,69.9,18.4,59.2,57.5,4319.0
Sundargarh ,Odisha,21.9,809.0,72.0,12.9,47.9,73.1,91.3,82.0,32.9,21.1,69.8,65.5,40.2,52.2,39.3,4756.0
Kendujhar ,Odisha,27.2,984.0,68.2,29.0,45.8,57.1,80.4,86.0,36.2,25.9,69.2,47.6,27.9,64.2,43.3,3467.0
Mayurbhanj ,Odisha,26.0,837.0,63.0,31.3,50.8,52.9,91.7,84.4,36.7,30.2,72.2,54.4,16.1,62.2,46.5,2841.0
Baleshwar ,Odisha,25.0,866.0,77.1,26.4,49.7,56.6,97.6,94.1,24.4,23.9,61.8,70.9,28.4,44.9,40.6,7183.0
Bhadrak ,Odisha,26.8,980.0,81.2,10.4,50.4,74.9,96.1,83.7,32.3,24.7,64.0,62.0,22.9,59.8,44.9,5596.0
Kendrapara ,Odisha,25.1,860.0,84.3,9.4,34.3,77.1,96.7,82.8,28.6,20.5,58.8,57.3,27.9,54.9,50.0,7842.0
Jagatsinghapur ,Odisha,20.4,843.0,84.7,12.0,38.8,82.6,98.3,91.3,15.6,12.9,59.8,60.1,30.5,51.1,56.8,5897.0
Cuttack ,Odisha,21.3,745.0,80.6,14.2,47.0,84.2,98.9,90.4,20.4,15.7,64.5,60.2,45.1,51.0,42.3,4988.0
Jajapur ,Odisha,25.4,898.0,78.7,11.4,44.9,73.8,93.8,79.5,25.5,24.4,63.4,47.4,28.4,58.8,53.9,5002.0
Dhenkanal ,Odisha,25.4,895.0,76.2,23.7,48.2,75.8,94.8,88.6,33.3,18.9,65.9,58.2,28.8,56.0,55.2,5371.0
Anugul ,Odisha,24.5,868.0,73.2,25.0,52.6,83.7,85.7,87.0,28.1,20.6,75.8,66.4,23.8,56.9,63.1,3832.0
Nayagarh ,Odisha,23.1,845.0,76.1,35.7,43.7,90.3,98.3,96.1,20.0,13.1,62.5,67.1,42.3,54.3,49.3,3481.0
Khordha ,Odisha,22.2,810.0,84.4,17.1,42.4,91.0,97.8,87.9,17.1,10.0,68.1,73.2,63.3,44.7,43.2,5081.0
Puri ,Odisha,21.6,782.0,83.3,10.2,48.6,94.9,97.7,95.8,15.6,12.9,63.3,67.3,34.4,52.6,61.5,4812.0
Ganjam ,Odisha,24.6,855.0,68.6,22.3,46.7,82.7,93.0,88.5,23.9,11.2,56.7,72.9,63.7,45.1,51.9,3823.0
Gajapati ,Odisha,28.2,999.0,55.5,28.1,53.9,83.0,76.4,92.6,43.4,23.5,66.1,58.3,28.9,36.2,39.6,3487.0
Kandhamal ,Odisha,29.0,985.0,64.2,20.0,49.6,81.1,93.9,96.8,34.2,21.0,48.9,52.4,24.1,52.0,54.5,2210.0
Baudh ,Odisha,25.9,844.0,68.6,25.3,45.3,79.0,93.4,91.8,37.0,22.1,54.1,52.9,30.9,42.7,44.7,4249.0
Subarnapur ,Odisha,23.5,924.0,74.4,16.9,57.0,87.8,96.1,98.0,29.6,20.5,58.8,66.7,41.6,39.4,45.8,5064.0
Balangir ,Odisha,23.9,919.0,69.3,14.0,58.6,95.4,97.9,95.8,32.7,21.5,59.4,66.3,32.6,44.2,44.0,4128.0
Nuapada ,Odisha,27.2,1025.0,60.9,15.6,54.9,71.7,89.8,97.0,43.1,30.7,64.0,58.4,23.2,48.6,45.3,3418.0
Kalahandi ,Odisha,25.8,903.0,62.5,16.3,48.6,82.9,92.8,91.3,33.0,23.8,64.2,64.4,28.9,50.5,48.6,2271.0
Rayagada ,Odisha,30.9,951.0,50.8,33.2,45.3,85.3,68.9,92.7,43.6,26.7,69.1,50.5,30.2,47.0,45.5,1972.0
Nabarangapur ,Odisha,31.8,1045.0,52.9,39.4,56.3,87.7,87.6,94.8,44.1,30.9,69.3,44.1,19.0,61.2,48.4,2741.0
Koraput ,Odisha,29.7,1014.0,50.6,35.5,56.0,79.2,82.1,98.0,43.1,27.2,58.2,39.4,31.5,58.0,54.6,1535.0
Malkangiri ,Odisha,34.1,981.0,48.92,32.4,53.4,82.8,90.7,94.8,44.3,34.495000000000005,71.9,41.4,20.9,54.9,47.0,1782.0
Yanam ,Puducherry,21.8,1154.0,80.9,15.9,78.29,79.8,100.0,79.7,25.0,8.5,43.1,84.1,98.6,11.01,29.2,2763.0
Puducherry ,Puducherry,20.1,963.0,83.8,5.7,62.1,87.0,99.5,80.1,17.0,8.1,56.8,84.6,95.0,14.0,31.3,3317.0
Mahe ,Puducherry,17.3,1202.0,97.18000000000002,2.8,65.9,85.0,100.0,95.3,48.2,6.2,38.4,99.19000000000001,90.9,12.6,23.6,8288.0
Karaikal ,Puducherry,21.9,884.0,86.3,7.2,57.9,88.3,99.6,88.9,25.5,12.7,54.4,84.3,81.2,19.5,26.9,2788.0
Kapurthala ,Punjab,21.8,922.0,79.2,6.9,47.2,51.4,95.0,65.7,24.6,11.5,54.5,87.7,84.2,11.6,20.7,3300.0
Jalandhar ,Punjab,21.7,936.0,82.1,7.4,40.1,72.8,92.3,91.3,24.8,11.9,57.0,88.2,82.3,11.3,25.9,3680.0
Hoshiarpur ,Punjab,19.9,970.0,89.0,4.7,46.3,59.7,98.3,92.9,19.3,10.8,54.1,89.7,77.3,11.01,27.7,3682.0
Shahid Bhagat Singh Nagar ,Punjab,20.9,833.0,82.3,6.4,49.4,60.5,99.3,99.90500000000009,17.9,9.8,49.8,91.3,76.4,11.01,23.3,2450.0
Fatehgarh Sahib ,Punjab,21.1,844.0,80.1,7.3,44.1,76.0,96.6,83.6,30.0,9.8,65.1,87.6,74.3,12.3,35.1,5296.0
Ludhiana ,Punjab,21.3,964.0,81.4,6.5,50.5,65.2,90.1,73.2,22.1,10.1,64.3,84.6,83.2,13.5,25.2,3157.0
Moga ,Punjab,22.8,1014.0,72.0,13.1,60.0,58.4,93.0,80.6,22.0,13.4,54.4,87.8,71.5,16.9,23.7,2488.0
Muktsar ,Punjab,23.2,877.0,68.5,8.6,59.7,57.9,96.4,57.6,35.0,18.4,61.0,82.9,72.9,20.8,23.9,2177.0
Faridkot ,Punjab,23.4,914.0,71.7,11.9,47.7,53.4,94.3,70.8,28.1,16.3,63.2,87.5,79.1,18.6,20.4,3455.0
Bathinda ,Punjab,21.5,820.0,68.7,14.2,40.7,48.2,93.1,66.5,23.0,16.5,59.7,88.4,78.1,20.3,20.1,5366.0
Mansa ,Punjab,23.0,871.0,63.6,11.5,57.2,49.4,88.8,79.1,36.6,16.1,60.4,85.4,52.3,16.9,18.4,2903.0
Patiala ,Punjab,20.2,954.0,76.9,7.8,49.3,72.0,97.3,74.7,20.3,14.0,65.3,88.1,80.4,11.2,33.8,3696.0
Amritsar ,Punjab,22.9,1037.0,78.0,9.2,57.6,56.5,95.9,65.8,19.4,9.6,52.1,86.0,82.9,11.01,26.2,3822.0
Tarn Taran ,Punjab,25.8,890.0,68.6,10.7,60.7,60.3,96.0,81.8,23.8,12.5,61.7,82.0,66.2,11.01,25.0,3104.0
Rupnagar ,Punjab,21.5,1022.0,81.8,2.4,49.8,65.2,97.8,76.5,15.6,13.4,64.5,84.0,63.9,11.5,37.8,5635.0
Sahibzada Ajit Singh Nagar ,Punjab,20.9,855.0,84.3,10.6,53.6,69.0,97.4,71.1,26.2,9.5,59.5,87.6,88.9,12.3,31.0,5710.0
Sangrur ,Punjab,21.2,798.0,73.5,8.0,48.2,47.7,94.7,89.6,23.4,14.1,52.6,92.4,69.8,12.7,18.7,5693.0
Barnala ,Punjab,21.7,755.0,72.4,12.8,53.6,63.8,96.7,68.5,33.8,13.0,55.2,90.7,73.5,14.0,20.7,4033.0
Fazilka ,Punjab,23.7,951.0,70.8,12.4,56.3,36.5,91.7,60.5,35.9,19.4,66.9,81.8,57.1,17.5,20.6,1803.0
Firozpur ,Punjab,23.7,892.0,72.5,10.5,63.3,48.4,95.5,74.5,30.0,12.6,61.5,84.8,68.6,12.6,21.0,3051.0
Gurdaspur ,Punjab,23.7,746.0,79.0,6.5,43.3,61.1,92.4,80.0,25.1,11.1,55.2,85.4,81.3,11.01,23.5,3575.0
Pathankot ,Punjab,20.9,756.0,82.8,4.6,42.7,52.4,94.8,77.4,22.1,11.0,55.0,79.2,79.8,15.8,27.0,3141.0
Ganganagar ,Rajasthan,24.9,906.0,68.6,13.6,72.8,58.7,97.7,89.7,24.5,14.3,59.0,83.4,45.5,29.0,85.3,1902.0
Hanumangarh ,Rajasthan,25.1,1117.0,65.1,18.6,70.7,53.1,94.9,83.3,24.2,19.3,60.3,83.8,36.2,36.1,89.0,2057.0
Bikaner ,Rajasthan,30.2,907.0,64.6,33.3,67.5,50.5,90.0,75.6,22.8,17.8,58.9,79.8,51.4,38.0,87.4,2492.0
Churu ,Rajasthan,29.0,944.0,62.9,27.9,68.4,45.0,87.8,74.3,27.1,20.3,52.9,80.2,40.6,39.9,81.9,2104.0
Jhunjhunun ,Rajasthan,24.8,946.0,66.8,18.1,69.1,49.2,97.1,88.7,20.9,20.0,55.4,79.0,55.5,39.9,86.1,2435.0
Alwar ,Rajasthan,29.4,1127.0,64.0,32.2,47.3,30.0,91.3,59.4,33.9,24.3,53.2,66.0,34.9,42.5,80.8,1829.0
Bharatpur ,Rajasthan,31.7,845.0,62.4,33.5,48.4,33.2,92.1,64.1,40.3,23.5,60.8,62.7,24.3,47.5,84.8,2773.0
Dhaulpur ,Rajasthan,34.9,929.0,63.2,29.6,52.9,42.4,94.4,85.9,45.7,21.5,68.5,57.5,36.5,48.0,89.0,1362.0
Karauli ,Rajasthan,32.1,863.0,56.5,33.5,61.2,42.0,97.6,88.9,37.6,23.0,61.5,49.9,24.2,51.6,86.4,1987.0
Sawai Madhopur ,Rajasthan,28.9,849.0,57.4,35.4,50.2,47.3,97.4,54.9,26.9,25.8,57.5,71.2,29.1,47.1,80.5,2083.0
Dausa ,Rajasthan,29.2,863.0,59.4,26.3,68.7,53.6,98.2,92.1,37.7,22.7,60.3,59.4,22.6,47.5,91.2,1902.0
Jaipur ,Rajasthan,25.6,915.0,68.1,23.1,66.7,53.5,97.3,89.3,25.0,16.6,54.1,79.6,60.1,33.1,81.5,3252.0
Sikar ,Rajasthan,27.5,770.0,67.9,18.0,63.3,50.4,95.8,70.0,23.1,21.4,44.0,77.9,58.4,35.1,82.4,5927.0
Nagaur ,Rajasthan,27.6,817.0,62.9,28.2,69.3,46.2,97.0,80.6,31.5,18.9,45.3,79.0,45.7,44.0,90.0,2450.0
Jodhpur ,Rajasthan,30.3,872.0,64.8,28.1,66.4,56.7,90.0,81.2,32.6,16.9,43.4,75.4,56.1,43.6,87.5,2286.0
Jaisalmer ,Rajasthan,32.9,818.0,61.7,28.9,68.2,47.6,90.0,72.0,25.5,16.3,44.4,75.7,30.9,44.9,93.14000000000006,2110.0
Barmer ,Rajasthan,31.4,877.0,67.0,20.2,66.7,64.9,93.3,92.9,39.1,19.7,49.4,83.6,26.8,49.1,93.14000000000006,1117.0
Jalor ,Rajasthan,31.1,769.0,59.5,23.3,46.2,71.2,95.5,78.0,44.3,19.7,59.9,77.4,36.5,44.2,93.14000000000006,1460.0
Sirohi ,Rajasthan,29.5,1064.0,59.4,18.0,61.5,69.5,95.7,86.4,30.7,17.7,64.0,54.1,46.0,39.9,92.0,1614.0
Pali ,Rajasthan,27.3,998.0,67.1,11.8,47.6,45.0,98.8,90.2,35.9,16.3,58.8,81.8,53.1,40.1,93.14000000000006,2269.0
Ajmer ,Rajasthan,26.7,848.0,67.3,20.2,56.6,52.8,95.1,78.9,22.3,14.2,52.7,77.5,52.9,38.6,88.7,1986.0
Tonk ,Rajasthan,25.9,969.0,54.8,37.2,61.3,66.2,97.4,75.3,33.1,23.8,52.8,66.2,24.1,47.6,84.5,2303.0
Bundi ,Rajasthan,28.4,803.0,57.9,34.1,66.6,74.0,95.3,75.7,30.0,29.6,55.9,56.3,26.5,52.8,87.7,1961.0
Bhilwara ,Rajasthan,29.2,802.0,57.1,41.8,58.9,64.7,95.0,83.2,22.6,16.3,50.4,62.3,26.5,41.9,89.1,1248.0
Rajsamand ,Rajasthan,27.6,800.0,64.2,27.5,50.7,60.7,95.1,71.7,30.3,18.1,58.4,72.1,37.1,44.6,93.14000000000006,1413.0
Dungarpur ,Rajasthan,28.8,843.0,64.6,16.9,60.8,50.6,94.1,83.3,31.4,26.8,72.6,59.9,27.3,40.8,93.14000000000006,1525.0
Banswara ,Rajasthan,31.7,835.0,55.9,25.0,58.5,69.9,97.7,83.0,44.6,23.3,52.8,40.8,21.1,38.7,84.2,1153.0
Chittaurgarh ,Rajasthan,26.1,861.0,55.3,42.6,49.6,75.0,96.8,87.8,31.4,20.2,45.1,63.8,31.3,44.4,90.6,3139.0
Kota ,Rajasthan,23.9,870.0,74.7,13.2,68.3,81.3,97.9,84.4,29.5,15.5,51.8,79.0,72.3,43.2,80.9,1647.0
Baran ,Rajasthan,28.4,1077.0,61.7,26.8,71.8,79.3,97.3,89.3,46.0,20.5,60.1,59.0,39.6,57.0,89.5,1590.0
Jhalawar ,Rajasthan,25.7,905.0,55.6,37.8,67.8,72.3,98.3,81.5,34.0,19.8,51.5,62.1,33.8,55.4,93.14000000000006,1692.0
Udaipur ,Rajasthan,27.6,833.0,63.8,18.2,65.7,62.3,96.1,86.8,34.0,17.5,60.5,60.3,34.3,42.5,93.14000000000006,1480.0
Pratapgarh ,Rajasthan,30.7,919.0,57.0,30.9,61.8,52.9,96.4,75.8,29.0,24.1,53.1,46.3,23.0,37.8,84.5,1213.0
North  District ,Sikkim,21.0,701.0,78.5,16.0,61.0,59.4,97.3,90.8,31.8,3.4,36.7,83.8,65.9,35.4,24.5,7390.0
West District ,Sikkim,19.2,701.0,81.8,14.1,70.8,70.4,99.3,96.9,25.2,3.0,42.7,88.9,69.8,44.9,19.9,5361.0
South District ,Sikkim,19.9,1323.5500000000013,80.2,9.9,67.6,84.5,97.4,86.4,24.8,4.6,39.8,91.7,66.5,47.4,20.8,11031.0
East District ,Sikkim,19.3,1000.0,86.4,9.4,42.8,43.8,91.8,78.0,17.8,7.7,43.3,85.0,87.6,37.9,29.9,8471.0
Thiruvallur ,Tamil Nadu,21.6,991.0,83.5,13.4,66.0,85.4,100.0,88.6,18.1,10.5,56.8,75.6,93.4,18.3,57.4,3668.0
Chennai ,Tamil Nadu,18.0,859.0,92.7,1.9,63.6,89.9,100.0,96.6,20.4,7.4,50.3,90.4,97.7,11.01,58.2,3951.0
Kancheepuram ,Tamil Nadu,19.2,889.0,85.0,10.0,67.3,76.1,100.0,69.1,20.6,12.6,57.0,75.9,88.1,17.5,59.7,3531.0
Vellore ,Tamil Nadu,22.4,722.0,80.0,14.9,63.2,95.4,99.5,92.7,29.8,11.4,50.6,76.2,85.3,14.4,71.4,2272.0
Tiruvannamalai ,Tamil Nadu,20.9,848.0,75.5,11.6,68.7,95.68500000000002,99.1,97.1,30.6,12.6,56.6,61.7,70.7,17.2,69.6,2724.0
Viluppuram ,Tamil Nadu,24.8,916.0,73.6,19.0,68.6,94.9,99.1,88.5,23.9,17.2,62.5,53.8,68.6,25.1,77.6,3255.0
Salem ,Tamil Nadu,20.1,900.0,74.4,23.7,64.1,85.0,100.0,77.0,23.6,10.1,46.3,64.5,84.5,23.5,67.5,3965.0
Namakkal ,Tamil Nadu,17.3,1130.0,73.5,14.2,62.3,95.68500000000002,100.0,83.9,25.2,9.4,51.9,75.2,89.7,19.8,68.8,3435.0
Erode ,Tamil Nadu,18.2,807.0,73.1,13.7,67.4,93.9,100.0,95.9,19.4,11.4,55.4,67.6,95.9,26.2,77.7,2401.0
The Nilgiris ,Tamil Nadu,19.7,1035.0,85.2,11.1,74.7,92.5,100.0,90.1,26.7,10.8,44.2,83.6,81.5,21.5,74.5,3438.0
Dindigul ,Tamil Nadu,24.4,816.0,77.8,20.5,71.4,95.68500000000002,97.0,92.6,27.1,12.9,42.6,61.0,76.3,27.7,71.9,2828.0
Karur ,Tamil Nadu,19.1,839.0,73.2,13.3,63.5,95.68500000000002,100.0,82.5,33.6,17.9,65.0,63.6,72.5,25.5,74.6,2586.0
Tiruchirappalli ,Tamil Nadu,21.5,919.0,80.7,13.5,61.5,90.5,98.6,97.1,27.6,16.7,62.4,67.1,71.2,19.8,67.8,2593.0
Perambalur ,Tamil Nadu,22.6,887.0,73.1,21.4,58.9,92.2,100.0,92.5,29.1,18.0,66.1,57.4,75.1,20.3,75.5,3707.0
Ariyalur ,Tamil Nadu,22.4,807.0,73.5,12.4,60.2,91.4,100.0,90.8,25.3,15.6,62.4,54.6,46.7,20.7,71.1,4664.0
Cuddalore ,Tamil Nadu,22.9,819.0,76.8,12.6,63.5,82.2,99.2,79.0,20.2,14.8,58.6,61.3,75.6,24.4,64.4,3803.0
Nagapattinam ,Tamil Nadu,20.8,799.0,79.2,6.3,61.9,93.1,99.7,93.8,32.3,19.4,62.6,69.6,59.0,24.9,70.9,4655.0
Thiruvarur ,Tamil Nadu,19.6,901.0,84.9,9.1,66.7,92.3,100.0,97.1,19.8,15.4,58.2,71.0,58.9,24.3,75.2,4590.0
Thanjavur ,Tamil Nadu,19.6,934.0,80.6,4.1,60.6,93.7,100.0,78.5,19.6,12.7,59.0,79.6,69.4,22.4,70.6,3425.0
Pudukkottai ,Tamil Nadu,23.7,804.0,74.7,11.6,64.3,91.6,100.0,83.3,32.2,20.3,62.5,55.2,42.0,28.3,72.9,2610.0
Sivaganga ,Tamil Nadu,21.8,1127.0,78.8,4.5,66.1,90.9,100.0,89.4,27.6,12.7,51.5,74.4,75.2,17.5,67.7,3143.0
Madurai ,Tamil Nadu,19.9,815.0,83.9,11.5,68.4,89.5,100.0,88.8,32.4,12.2,48.0,80.1,91.2,20.3,66.3,3317.0
Theni ,Tamil Nadu,23.8,1057.0,80.9,16.0,67.1,95.68500000000002,100.0,95.2,20.2,10.3,41.2,74.4,89.9,21.3,67.4,1773.0
Virudhunagar ,Tamil Nadu,21.4,730.0,80.5,15.5,66.3,83.4,97.8,76.7,29.2,14.1,56.9,59.8,90.5,18.8,51.3,2607.0
Ramanathapuram ,Tamil Nadu,24.4,787.0,80.3,14.7,68.1,88.2,99.6,90.4,26.4,15.7,53.6,78.6,82.7,22.8,69.7,3729.0
Thoothukkudi ,Tamil Nadu,20.9,734.0,86.6,8.9,63.8,80.7,100.0,99.90500000000009,20.3,11.9,55.9,79.4,90.7,18.5,57.8,3180.0
Tirunelveli ,Tamil Nadu,22.1,939.0,84.4,10.7,64.4,85.0,100.0,93.3,29.4,13.5,51.0,79.8,87.9,16.3,61.3,3281.0
Kanniyakumari ,Tamil Nadu,20.8,880.0,92.9,4.3,66.6,84.2,100.0,96.0,17.3,5.9,45.6,96.2,74.4,11.01,64.1,3170.0
Dharmapuri ,Tamil Nadu,23.8,1052.0,72.6,16.7,68.0,94.5,99.6,90.6,28.7,12.9,42.5,72.4,82.5,24.6,75.5,2808.0
Krishnagiri ,Tamil Nadu,24.2,857.0,72.6,20.3,67.7,93.1,99.6,87.3,29.0,11.7,44.0,75.9,86.0,20.3,73.6,2081.0
Coimbatore ,Tamil Nadu,19.3,952.0,84.2,19.8,62.0,90.0,100.0,94.5,23.0,10.1,48.9,78.5,95.5,21.4,61.0,5609.0
Tiruppur ,Tamil Nadu,17.8,1016.0,75.8,10.5,66.0,93.5,100.0,78.0,21.5,9.9,55.2,75.9,95.4,22.8,59.9,5017.0
Adilabad ,Telangana,24.8,785.0,58.6,21.4,54.1,74.8,94.1,69.3,45.7,26.9,61.1,50.8,81.6,29.7,63.6,4105.0
Bhadradri Kothagudem ,Telangana,19.5,817.0,62.7,20.8,74.0,70.1,97.4,80.4,28.4,14.9,68.7,75.3,89.2,28.4,59.4,3255.0
Hyderabad ,Telangana,23.0,844.0,80.3,10.6,70.0,69.9,98.3,73.8,30.4,12.4,52.7,84.4,99.0,12.4,48.9,2815.0
Jagitial ,Telangana,24.1,955.0,55.9,28.4,56.5,81.9,94.4,77.7,29.9,22.5,56.3,76.5,94.7,23.5,59.2,3494.0
Jangoan ,Telangana,19.1,1089.0,56.6,20.3,70.4,65.4,99.6,84.2,33.4,18.2,57.5,84.3,91.1,27.1,71.7,4741.0
Jayashankar Bhupalapally ,Telangana,18.5,903.0,52.4,24.9,64.3,72.7,99.5,87.9,32.5,17.7,65.9,65.6,90.3,27.4,71.5,5993.0
Jogulamba Gadwal ,Telangana,26.8,853.0,48.92,34.6,74.9,72.9,94.2,86.9,49.7,27.5,64.6,73.7,86.1,23.7,61.8,2832.0
Kamareddy ,Telangana,23.4,870.0,51.1,30.8,56.8,79.5,97.1,75.5,33.4,21.7,58.9,68.2,82.3,25.7,66.5,5957.0
Karimnagar ,Telangana,20.1,933.0,63.6,11.9,56.4,69.6,98.4,73.4,30.3,20.6,61.1,78.8,94.9,19.3,58.6,4573.0
Khammam ,Telangana,19.0,905.0,61.8,35.0,76.2,76.3,97.9,86.6,22.2,12.8,62.4,84.5,97.1,19.5,60.4,3771.0
Komaram Bheem Asifabad ,Telangana,23.7,917.0,52.9,25.0,49.1,68.8,82.0,76.2,38.1,25.7,67.3,54.0,85.8,37.7,63.6,4121.0
Mahabubabad ,Telangana,21.8,885.0,55.0,28.3,74.7,67.7,97.7,76.1,33.0,18.6,62.8,68.6,86.6,28.1,69.3,3234.0
Mahabubnagar ,Telangana,27.8,789.0,54.8,23.4,70.1,62.6,98.1,89.4,42.6,24.0,54.7,73.7,85.9,25.3,70.3,2369.0
Mancherial ,Telangana,19.5,909.0,58.4,14.0,55.3,64.7,90.1,76.0,25.9,21.9,56.7,78.1,93.1,22.4,64.4,3041.0
Medak ,Telangana,23.4,848.0,52.3,31.8,55.7,68.5,98.9,69.3,36.4,25.4,54.4,78.2,80.1,26.2,61.2,6139.0
Medchal-Malkajgiri ,Telangana,23.1,828.0,72.9,10.2,72.4,69.6,98.3,76.1,33.4,15.2,56.8,86.2,99.0,17.9,53.8,3534.0
Nagarkurnool ,Telangana,23.8,771.0,51.1,32.1,76.5,75.1,98.0,81.1,35.1,19.1,54.0,73.2,87.3,30.8,68.6,2975.0
Nalgonda ,Telangana,23.9,883.0,59.8,28.2,77.2,65.7,98.3,78.3,31.7,15.5,54.3,76.4,94.6,24.3,64.8,4320.0
Nirmal ,Telangana,22.7,1138.0,53.3,23.3,58.5,69.7,96.7,75.3,31.7,26.9,57.7,63.6,88.8,29.0,49.9,5080.0
Nizamabad ,Telangana,23.7,941.0,54.3,23.7,56.8,78.5,97.3,86.1,30.5,21.0,57.0,72.5,92.4,20.6,52.3,5262.0
Peddapalli ,Telangana,18.1,913.0,61.3,13.6,64.8,77.9,96.5,73.1,27.5,16.5,64.6,77.8,96.6,21.6,59.1,3850.0
Rajanna Sircilla ,Telangana,21.3,1115.0,56.4,13.2,59.3,67.1,97.6,84.1,22.4,18.6,56.0,77.4,96.6,19.4,62.8,3065.0
Ranga Reddy ,Telangana,24.1,964.0,68.6,29.0,69.7,75.1,97.2,85.8,37.8,14.9,53.2,81.1,97.0,18.9,58.3,3499.0
Sangareddy ,Telangana,24.5,1039.0,60.2,30.6,61.7,66.4,93.0,78.5,32.9,20.0,48.3,68.0,81.1,27.3,58.1,4718.0
Siddipet ,Telangana,22.0,976.0,60.8,19.0,59.4,62.6,99.7,63.1,28.1,17.9,56.7,84.1,93.2,23.2,60.9,5528.0
Suryapet ,Telangana,18.9,980.0,57.4,29.5,77.9,70.4,95.9,70.4,29.1,16.0,57.5,77.9,94.5,20.8,63.1,3615.0
Vikarabad ,Telangana,24.9,775.0,53.1,39.8,69.8,54.8,95.0,86.2,32.1,25.6,61.0,66.7,76.0,29.2,59.6,3201.0
Wanaparthy ,Telangana,24.8,987.0,49.3,32.6,75.7,62.8,99.0,87.0,40.4,24.6,58.7,75.9,88.9,27.5,70.1,2989.0
Warangal Rural ,Telangana,17.3,701.0,51.8,22.9,57.5,70.4,100.0,79.0,36.1,22.6,59.3,74.3,87.8,23.2,72.0,3713.0
Warangal Urban ,Telangana,20.2,829.0,70.3,22.7,64.4,71.3,99.7,70.1,29.5,16.8,57.9,81.2,94.6,14.0,62.0,2825.0
Yadadri Bhuvanagiri ,Telangana,23.0,954.0,59.1,21.6,75.0,67.2,97.7,76.7,38.3,19.4,53.8,81.9,94.9,22.2,65.3,3082.0
Dhalai ,Tripura,27.2,1160.0,74.8,38.9,53.3,52.0,87.3,73.7,45.7,15.9,70.0,67.6,34.0,61.3,44.2,4010.0
Gomati ,Tripura,24.2,1043.0,80.1,42.8,48.7,40.6,93.2,67.1,22.7,14.1,62.3,77.4,47.7,55.8,29.9,10954.0
Khowai ,Tripura,23.5,959.0,81.3,28.3,49.9,41.5,95.7,60.7,47.0,18.7,63.7,67.8,41.5,61.9,44.1,7328.0
North Tripura ,Tripura,26.2,913.0,86.4,34.2,54.4,67.1,85.4,69.6,26.2,18.6,69.3,74.1,41.6,64.0,28.7,4418.0
Sepahijala ,Tripura,23.4,930.0,78.9,51.9,44.2,52.8,87.7,70.3,34.5,13.9,69.4,75.4,37.1,50.4,31.6,8389.0
South Tripura ,Tripura,24.5,1136.0,80.4,46.2,40.3,58.4,89.7,48.5,25.5,16.8,66.5,68.6,29.4,54.3,37.3,7199.0
Unakoti ,Tripura,27.4,1036.0,81.6,38.0,40.2,24.6,71.5,58.3,31.8,26.0,67.9,61.8,29.2,59.7,28.0,7693.0
West Tripura ,Tripura,20.2,1048.0,85.3,37.1,53.9,61.2,95.3,88.4,30.3,13.7,67.3,80.2,65.2,55.2,28.1,5556.0
Saharanpur ,Uttar Pradesh,28.5,1022.0,69.3,7.0,48.9,52.4,81.7,89.2,28.8,12.8,41.4,83.8,56.6,30.7,11.8,4537.0
Bijnor ,Uttar Pradesh,30.7,951.0,69.6,5.2,47.3,48.8,83.7,90.6,36.2,17.0,46.0,78.2,45.8,36.5,18.8,2240.0
Rampur ,Uttar Pradesh,31.1,968.0,57.6,10.5,30.0,50.4,81.0,79.4,40.4,13.6,55.4,79.0,46.2,36.1,13.1,2245.0
Jyotiba Phule Nagar ,Uttar Pradesh,32.5,860.0,63.7,11.6,45.3,43.9,81.1,72.9,42.2,16.0,47.6,78.9,45.4,38.9,8.3,1736.0
Meerut ,Uttar Pradesh,30.3,926.0,74.0,7.6,48.8,49.9,80.6,82.5,32.1,12.8,45.5,82.7,68.5,24.4,18.4,1726.0
Baghpat ,Uttar Pradesh,29.8,818.0,71.6,8.1,45.2,42.4,80.9,83.9,25.5,14.9,53.3,87.0,51.5,31.8,12.5,2001.0
Gautam Buddha Nagar ,Uttar Pradesh,28.5,735.0,78.0,13.5,55.9,52.7,86.6,68.2,25.5,15.0,59.4,74.0,75.0,29.7,23.8,3626.0
Bulandshahr ,Uttar Pradesh,31.3,841.0,67.7,12.8,40.4,47.6,83.5,67.3,37.6,15.8,52.0,81.5,48.4,34.4,20.5,1709.0
Aligarh ,Uttar Pradesh,32.1,1030.0,68.0,15.8,39.7,44.7,82.6,70.1,35.0,18.6,56.5,69.4,51.4,37.0,17.6,2638.0
Mahamaya Nagar ,Uttar Pradesh,31.9,989.0,67.9,28.1,37.5,27.8,80.3,71.6,39.1,15.9,58.2,73.3,46.5,43.3,10.9,2896.0
Mathura ,Uttar Pradesh,32.7,930.0,68.4,21.3,43.1,39.3,79.5,73.6,31.6,18.1,63.0,71.2,47.3,42.9,10.8,2650.0
Agra ,Uttar Pradesh,30.5,902.0,69.4,17.9,47.1,42.7,89.1,74.1,35.9,15.4,59.4,70.8,67.5,46.1,9.4,1879.0
Firozabad ,Uttar Pradesh,31.9,871.0,72.5,24.8,34.6,39.3,80.1,67.1,46.9,18.8,57.1,69.0,53.5,45.6,13.4,1791.0
Mainpuri ,Uttar Pradesh,30.9,837.0,74.6,16.0,46.4,38.1,82.7,75.0,44.3,15.3,57.8,63.1,39.8,41.3,16.1,2390.0
Bareilly ,Uttar Pradesh,31.3,1084.0,55.8,11.4,43.5,43.1,75.1,70.5,45.9,18.2,60.8,79.7,54.6,39.3,18.7,1919.0
Pilibhit ,Uttar Pradesh,29.6,814.0,60.1,16.2,45.5,43.6,76.2,92.3,38.9,16.4,52.0,76.8,48.1,38.2,21.4,1458.0
Shahjahanpur ,Uttar Pradesh,34.4,1064.0,63.2,20.9,46.4,35.3,63.3,76.5,44.5,17.8,60.3,69.2,40.4,49.0,14.2,1394.0
Kheri ,Uttar Pradesh,32.4,901.0,66.3,19.7,37.9,48.0,82.8,69.5,47.6,30.9,53.0,65.6,35.9,55.2,22.0,2126.0
Sitapur ,Uttar Pradesh,33.6,1011.0,65.0,20.8,36.5,35.4,84.8,65.9,47.8,30.1,55.3,52.5,31.5,59.7,23.2,1577.0
Hardoi ,Uttar Pradesh,32.4,1097.0,64.6,19.3,46.2,39.7,73.9,63.3,44.5,22.9,59.7,55.7,29.0,52.1,16.0,1679.0
Unnao ,Uttar Pradesh,28.1,960.0,69.0,18.9,46.2,19.8,80.8,58.6,39.2,22.6,48.9,60.3,43.4,50.9,15.3,2405.0
Lucknow ,Uttar Pradesh,23.5,981.0,80.8,9.9,40.2,53.1,91.3,68.9,32.1,15.7,55.8,80.4,78.3,39.2,15.8,3489.0
Farrukhabad ,Uttar Pradesh,32.7,789.0,67.1,18.8,40.0,41.5,69.3,68.5,47.8,18.3,56.9,72.6,45.5,49.0,13.5,1611.0
Kannauj ,Uttar Pradesh,32.7,1038.0,71.3,10.4,60.3,46.4,76.4,55.8,43.0,20.5,65.2,70.1,35.5,50.9,15.3,1914.0
Etawah ,Uttar Pradesh,29.4,799.0,74.6,16.3,48.9,43.7,85.2,77.7,38.8,16.0,57.4,78.1,48.6,45.5,17.9,1692.0
Auraiya ,Uttar Pradesh,29.3,880.0,75.9,18.1,32.3,50.4,90.1,82.5,39.7,18.8,39.1,74.3,33.7,46.8,18.4,1182.0
Kanpur Dehat ,Uttar Pradesh,27.9,1027.0,73.9,12.7,41.6,54.4,84.3,56.3,44.1,17.1,54.9,70.6,39.3,50.5,17.9,1993.0
Kanpur Nagar ,Uttar Pradesh,24.5,816.0,80.4,10.9,57.4,69.9,86.6,72.8,34.6,13.8,57.0,77.5,76.9,46.8,16.1,2645.0
Jalaun ,Uttar Pradesh,26.0,797.0,71.9,16.9,50.5,62.8,85.1,66.2,45.1,22.2,44.2,80.2,36.5,49.9,17.6,2194.0
Jhansi ,Uttar Pradesh,24.7,927.0,71.1,25.1,53.6,36.6,92.9,47.52,40.9,18.7,41.3,73.2,51.9,49.5,11.4,1090.0
Lalitpur ,Uttar Pradesh,31.7,998.0,66.8,42.5,65.7,45.7,90.8,70.8,46.6,22.4,38.1,64.2,20.3,54.5,11.7,1381.0
Hamirpur ,Uttar Pradesh,28.2,882.0,70.8,10.5,47.5,43.2,96.3,77.1,48.0,22.5,46.1,77.7,29.0,64.5,21.9,965.0
Mahoba ,Uttar Pradesh,28.4,1056.0,65.2,20.8,52.0,46.2,96.3,70.7,42.3,28.0,49.4,69.0,28.2,63.3,16.2,1213.0
Banda ,Uttar Pradesh,30.6,971.0,61.8,19.0,45.6,39.0,89.8,62.9,51.0,25.7,52.2,59.3,26.8,63.3,13.3,1132.0
Chitrakoot ,Uttar Pradesh,31.3,889.0,63.8,21.8,49.0,30.3,81.1,63.7,47.5,24.1,46.6,56.7,31.2,59.6,17.4,2331.0
Fatehpur ,Uttar Pradesh,29.0,890.0,63.4,10.4,58.0,38.1,81.4,55.7,51.1,24.7,63.0,63.1,38.9,60.8,16.8,2145.0
Pratapgarh ,Uttar Pradesh,29.0,1034.0,67.2,11.0,33.6,30.6,90.8,75.0,35.5,19.6,48.9,52.0,37.1,41.4,14.9,3814.0
Kaushambi ,Uttar Pradesh,34.9,972.0,63.2,17.6,38.3,34.0,88.6,65.7,40.2,24.1,54.4,59.6,37.0,53.6,20.2,1628.0
Allahabad ,Uttar Pradesh,31.5,1191.0,70.6,13.8,45.6,45.9,83.2,55.8,37.9,17.3,46.4,59.5,45.1,44.6,20.6,2243.0
Bara Banki ,Uttar Pradesh,32.6,951.0,65.1,20.4,38.3,22.6,76.0,64.4,41.9,26.0,55.3,62.4,47.8,50.2,14.6,3205.0
Faizabad ,Uttar Pradesh,29.1,885.0,71.1,7.6,21.0,33.8,89.1,68.7,30.6,20.0,52.3,64.4,41.3,41.2,19.8,2525.0
Ambedkar Nagar ,Uttar Pradesh,29.2,818.0,71.6,5.5,20.7,44.5,92.2,75.1,31.1,26.7,52.7,63.6,32.2,52.9,23.0,2611.0
Bahraich ,Uttar Pradesh,40.595000000000006,848.0,48.92,37.5,33.4,34.3,67.7,51.8,52.085000000000015,29.9,48.8,44.2,38.2,59.0,10.1,1745.0
Shrawasti ,Uttar Pradesh,40.2,971.0,48.92,51.9,35.6,42.4,80.4,59.6,50.9,22.8,44.4,58.1,36.9,64.2,13.5,1969.0
Balrampur ,Uttar Pradesh,38.9,1034.0,53.1,35.0,39.4,41.0,69.7,57.4,41.2,22.2,53.7,59.7,39.6,59.8,13.0,1810.0
Gonda ,Uttar Pradesh,32.4,896.0,61.7,25.4,37.1,41.7,81.8,59.9,45.9,24.6,49.3,44.6,56.2,51.6,13.4,2602.0
Siddharthnagar ,Uttar Pradesh,40.595000000000006,852.0,57.7,33.9,52.5,60.9,69.7,65.1,37.2,25.8,51.2,42.8,50.6,54.9,12.2,1943.0
Basti ,Uttar Pradesh,31.7,895.0,64.4,15.9,53.8,31.5,93.2,73.8,35.9,20.0,39.9,64.2,57.0,51.3,15.8,2062.0
Sant Kabir Nagar ,Uttar Pradesh,34.6,835.0,63.8,16.8,48.5,43.2,90.6,80.2,42.3,19.3,43.5,65.1,58.1,51.9,20.4,2134.0
Mahrajganj ,Uttar Pradesh,32.4,933.0,62.4,24.1,49.6,52.5,93.3,76.2,40.5,17.9,47.1,66.7,65.1,47.8,18.2,2398.0
Gorakhpur ,Uttar Pradesh,30.5,943.0,67.6,14.6,48.9,56.3,91.6,67.7,29.6,18.0,52.9,69.6,66.8,44.6,17.9,2533.0
Kushinagar ,Uttar Pradesh,34.9,1080.0,63.7,17.7,48.5,35.8,89.4,65.4,32.2,19.0,42.3,73.1,55.2,45.1,15.6,2571.0
Deoria ,Uttar Pradesh,30.3,1002.0,69.0,13.7,45.9,42.5,93.4,64.2,36.8,16.8,33.8,69.1,67.2,36.9,10.5,1961.0
Azamgarh ,Uttar Pradesh,29.3,839.0,71.2,12.0,31.4,38.5,93.2,64.5,33.4,22.1,54.3,72.8,37.6,44.1,9.0,4265.0
Mau ,Uttar Pradesh,27.2,938.0,68.8,11.0,39.0,43.2,94.7,59.1,25.4,16.5,44.3,75.1,54.2,39.3,16.0,2476.0
Ballia ,Uttar Pradesh,29.0,1062.0,68.1,9.9,41.9,30.5,90.0,62.2,43.8,16.8,52.2,61.7,53.8,35.6,10.6,2441.0
Jaunpur ,Uttar Pradesh,29.3,898.0,69.9,11.8,55.2,47.6,88.8,75.1,40.5,17.5,34.0,62.6,55.2,43.8,12.0,2030.0
Ghazipur ,Uttar Pradesh,29.6,972.0,69.7,13.5,51.2,29.2,88.3,60.8,39.3,19.4,45.7,64.1,39.3,37.7,10.6,2575.0
Chandauli ,Uttar Pradesh,30.5,877.0,68.8,17.2,48.7,32.9,86.2,70.6,39.5,21.4,48.7,66.7,42.3,44.8,28.1,2530.0
Varanasi ,Uttar Pradesh,27.3,885.0,74.1,10.4,60.9,51.4,95.2,79.3,37.4,15.7,37.6,83.2,71.5,38.4,12.8,3698.0
Sant Ravidas Nagar (Bhadohi) ,Uttar Pradesh,33.7,839.0,67.3,19.6,40.2,25.8,90.3,62.2,42.7,15.8,43.8,68.8,39.9,36.5,18.8,3299.0
Mirzapur ,Uttar Pradesh,31.9,812.0,69.0,16.6,53.3,36.5,91.1,68.3,43.4,20.9,42.1,72.3,42.5,42.2,15.0,2576.0
Sonbhadra ,Uttar Pradesh,31.8,974.0,62.1,17.7,53.6,36.4,76.8,72.7,38.3,20.9,44.5,70.6,30.4,54.1,19.7,1924.0
Etah ,Uttar Pradesh,33.2,1004.0,68.0,20.1,39.7,33.6,76.7,55.5,48.8,18.7,55.4,62.7,39.6,46.0,12.8,1929.0
Kanshiram Nagar ,Uttar Pradesh,35.5,997.0,62.2,23.2,31.3,38.1,74.8,69.2,45.1,17.7,64.6,69.8,36.6,44.7,15.1,1834.0
Amethi ,Uttar Pradesh,32.1,844.0,66.1,14.9,30.5,31.7,90.8,75.9,35.8,21.0,46.1,60.9,26.4,49.3,20.9,2713.0
Budaun ,Uttar Pradesh,35.3,870.0,54.9,22.9,42.0,40.6,72.3,69.5,51.8,19.4,55.3,69.7,39.8,41.9,13.6,3622.0
Ghaziabad ,Uttar Pradesh,24.9,1182.0,78.9,8.0,51.1,62.0,86.4,68.5,28.2,11.1,55.2,84.5,92.4,22.3,20.0,2251.0
Hapur ,Uttar Pradesh,31.4,785.0,71.8,7.1,47.6,53.3,83.3,84.4,30.2,9.4,50.6,85.6,68.0,30.8,14.9,1297.0
Moradabad ,Uttar Pradesh,29.4,1022.0,67.6,9.6,47.7,33.2,80.3,84.5,34.7,13.4,44.9,79.0,58.3,32.6,17.1,5877.0
Muzaffarnagar ,Uttar Pradesh,30.4,865.0,69.1,7.3,44.9,44.0,87.0,69.5,29.8,11.1,46.0,80.1,59.8,31.7,8.2,1747.0
Rae Bareli ,Uttar Pradesh,30.4,871.0,66.4,14.3,55.8,43.6,89.5,71.4,47.0,18.5,48.2,55.0,39.4,50.4,16.8,1963.0
Sambhal ,Uttar Pradesh,35.5,940.0,56.0,21.1,40.1,32.9,74.2,83.0,51.6,16.1,51.3,72.8,38.2,40.3,13.7,1214.0
Shamli ,Uttar Pradesh,31.3,1029.0,62.7,10.8,45.6,41.0,78.3,91.1,28.6,9.8,41.7,83.3,53.6,30.6,14.8,1725.0
Sultanpur ,Uttar Pradesh,31.4,997.0,68.9,7.9,24.3,47.0,87.0,80.2,33.4,20.8,50.2,65.1,33.7,47.5,20.7,2642.0
Uttarkashi ,Uttarakhand,25.0,869.0,69.0,5.7,60.2,66.8,85.9,81.8,34.1,12.9,60.9,75.7,32.6,35.1,80.3,3168.0
Chamoli ,Uttarakhand,26.1,1026.0,79.1,3.4,64.0,52.2,73.9,85.0,34.1,9.6,41.8,87.6,37.4,38.4,71.1,7882.0
Rudraprayag ,Uttarakhand,25.0,958.0,73.0,8.6,61.3,76.5,86.6,91.4,25.2,8.8,40.6,86.8,35.1,41.0,76.6,4156.0
Tehri Garhwal ,Uttarakhand,25.7,866.0,62.2,6.3,52.4,48.9,82.2,83.0,29.3,12.7,42.2,84.6,34.9,41.1,71.2,1827.0
Dehradun ,Uttarakhand,23.1,823.0,82.9,6.6,59.1,75.3,91.7,76.0,20.9,13.1,47.9,83.9,88.8,25.6,67.3,4277.0
Garhwal ,Uttarakhand,23.0,1065.0,75.5,8.6,64.0,39.6,76.0,76.0,30.0,16.1,40.3,83.3,48.1,42.9,62.7,2382.0
Pithoragarh ,Uttarakhand,22.2,911.0,79.7,16.2,63.6,58.7,84.9,96.0,25.6,11.5,25.705,84.5,45.9,38.5,72.8,3726.0
Bageshwar ,Uttarakhand,24.6,940.0,73.9,12.9,66.4,67.9,82.0,86.9,23.6,17.2,27.8,88.5,34.6,43.7,71.9,2542.0
Almora ,Uttarakhand,23.2,1323.5500000000013,72.3,1.5,70.5,44.3,80.1,85.1,26.0,15.6,33.4,89.2,35.9,44.3,66.0,3162.0
Champawat ,Uttarakhand,27.6,926.0,75.9,11.7,57.7,62.0,79.8,91.9,24.9,14.6,32.5,82.7,39.8,38.7,65.7,2578.0
Nainital ,Uttarakhand,25.8,1136.0,80.3,11.3,64.4,59.7,81.2,74.1,23.2,12.7,34.5,82.4,71.6,34.8,60.8,3599.0
Udham Singh Nagar ,Uttarakhand,27.9,1022.0,70.5,14.6,51.9,75.9,85.1,83.2,26.8,14.1,51.0,70.9,64.0,31.7,59.0,1906.0
Hardwar ,Uttarakhand,31.0,985.0,73.9,9.9,50.9,48.5,79.8,76.5,31.1,15.9,43.8,69.8,61.5,31.8,46.6,3786.0
Darjiling ,West Bengal,20.7,1059.0,78.3,21.2,67.0,79.2,98.4,94.2,34.3,11.8,59.2,83.0,68.8,49.0,26.3,2183.0
Jalpaiguri ,West Bengal,22.6,1099.0,73.7,18.7,70.1,88.4,95.8,87.9,28.9,15.8,71.4,73.2,42.7,54.2,35.8,2243.0
Koch Bihar ,West Bengal,25.0,959.0,75.7,46.7,67.7,77.3,93.0,94.2,28.7,18.1,74.8,75.7,25.7,56.1,36.0,2499.0
Uttar Dinajpur ,West Bengal,29.2,1155.0,68.1,30.3,60.9,70.1,76.9,84.4,44.8,16.5,72.4,63.8,27.2,49.1,21.0,2706.0
Dakshin Dinajpur ,West Bengal,23.4,1067.0,77.7,45.6,59.0,76.4,91.4,92.6,31.9,14.9,79.7,79.0,28.7,47.2,28.3,2593.0
Maldah ,West Bengal,30.2,942.0,71.3,49.1,54.7,82.8,87.7,87.2,40.5,15.7,73.6,62.0,29.6,45.2,29.0,1961.0
Murshidabad ,West Bengal,29.3,1054.0,74.7,51.9,64.9,66.9,87.0,90.0,39.8,19.9,77.6,69.7,30.7,43.7,28.4,2662.0
Birbhum ,West Bengal,25.7,934.0,73.6,49.9,73.9,78.4,90.3,81.6,37.0,20.5,77.7,55.0,28.1,50.3,37.7,1391.0
Nadia ,West Bengal,21.5,982.0,77.6,39.9,49.3,71.2,97.7,89.9,26.1,8.3,73.4,78.4,34.2,47.7,23.0,3776.0
North Twenty Four Pargana ,West Bengal,20.6,889.0,82.4,33.6,61.0,89.9,97.5,92.8,32.4,6.5,65.3,80.4,58.9,49.8,30.7,2809.0
Hugli ,West Bengal,19.9,1025.0,81.0,40.8,61.3,72.2,97.0,95.4,28.9,14.1,75.1,76.2,54.6,53.5,26.5,4558.0
Bankura ,West Bengal,22.6,1002.0,68.7,45.7,51.9,75.7,93.3,85.0,30.3,28.0,77.0,49.2,20.8,47.7,43.4,3274.0
Puruliya ,West Bengal,25.4,860.0,63.6,37.0,41.3,57.8,89.8,84.7,36.9,33.7,76.7,36.535,23.2,51.2,35.6,2478.0
Haora ,West Bengal,21.2,1062.0,82.0,30.4,68.4,82.7,95.5,87.8,27.5,10.3,65.3,72.9,61.9,44.7,20.1,2166.0
Kolkata ,West Bengal,17.3,809.0,87.2,16.7,71.7,71.7,97.5,80.2,29.6,6.6,58.2,60.9,91.7,42.4,21.1,1969.0
South Twenty Four Pargana ,West Bengal,25.5,1099.0,80.9,41.9,67.9,87.5,91.0,91.7,36.7,9.9,61.6,70.1,36.2,49.8,36.7,2142.0
Paschim Medinipur ,West Bengal,23.4,1005.0,72.1,51.9,55.6,63.1,87.6,76.9,31.1,18.9,79.7,58.3,17.5,50.5,25.8,3388.0
Purba Medinipur ,West Bengal,23.9,777.0,83.0,51.9,48.1,56.8,91.5,88.4,25.8,16.5,70.4,69.8,17.0,40.1,21.5,4390.0
Paschim Barddhaman ,West Bengal,22.3,787.0,74.8,31.8,54.0,70.4,89.8,62.4,39.7,18.4,65.8,71.5,56.3,40.2,21.8,3020.0
